,target_id,mutation,n_mutations,conc_(ng/ul),expected_conc(mg/l)
0,AAPK2_HUMAN_D0,R72C,3,8,1.0
1,AAPK2_HUMAN_D0,D88Y,3,8,1.0
2,AAPK2_HUMAN_D0,E168K,3,8,1.0
3,AAPK2_HUMAN_D0,R239H,3,8,1.0
4,AAPK2_HUMAN_D0,V42L,2,8,1.0
5,AAPK2_HUMAN_D0,K45R,2,8,1.0
6,AAPK2_HUMAN_D0,I46L,2,8,1.0
7,AAPK2_HUMAN_D0,R53H,2,8,1.0
8,AAPK2_HUMAN_D0,R53C,2,8,1.0
9,AAPK2_HUMAN_D0,R72H,2,8,1.0
10,AAPK2_HUMAN_D0,H73Q,2,8,1.0
11,AAPK2_HUMAN_D0,R117M,2,8,1.0
12,AAPK2_HUMAN_D0,G159V,2,8,1.0
13,AAPK2_HUMAN_D0,G175R,2,8,1.0
14,AAPK2_HUMAN_D0,G192C,2,8,1.0
15,AAPK2_HUMAN_D0,T221A,2,8,1.0
16,AAPK2_HUMAN_D0,K224R,2,8,1.0
17,AAPK2_HUMAN_D0,R239C,2,8,1.0
18,AAPK2_HUMAN_D0,A242T,2,8,1.0
19,AAPK2_HUMAN_D0,R256Q,2,8,1.0
20,AAPK2_HUMAN_D0,D20N,1,8,1.0
21,AAPK2_HUMAN_D0,H73R,1,8,1.0
22,AAPK2_HUMAN_D0,H75Y,1,8,1.0
23,AAPK2_HUMAN_D0,I77M,1,8,1.0
24,AAPK2_HUMAN_D0,Y104C,1,8,1.0
25,AAPK2_HUMAN_D0,C106Y,1,8,1.0
26,AAPK2_HUMAN_D0,A116T,1,8,1.0
27,AAPK2_HUMAN_D0,A116S,1,8,1.0
28,AAPK2_HUMAN_D0,Q122H,1,8,1.0
29,AAPK2_HUMAN_D0,Y129H,1,8,1.0
30,AAPK2_HUMAN_D0,R132G,1,8,1.0
31,AAPK2_HUMAN_D0,N144I,1,8,1.0
32,AAPK2_HUMAN_D0,S161F,1,8,1.0
33,AAPK2_HUMAN_D0,M164I,1,8,1.0
34,AAPK2_HUMAN_D0,G167S,1,8,1.0
35,AAPK2_HUMAN_D0,R171I,1,8,1.0
36,AAPK2_HUMAN_D0,P177S,1,8,1.0
37,AAPK2_HUMAN_D0,P177L,1,8,1.0
38,AAPK2_HUMAN_D0,V184I,1,8,1.0
39,AAPK2_HUMAN_D0,A191V,1,8,1.0
40,AAPK2_HUMAN_D0,Y205N,1,8,1.0
41,AAPK2_HUMAN_D0,A206V,1,8,1.0
42,AAPK2_HUMAN_D0,T221M,1,8,1.0
43,AAPK2_HUMAN_D0,R227L,1,8,1.0
44,AAPK2_HUMAN_D0,G229S,1,8,1.0
45,AAPK2_HUMAN_D0,E235K,1,8,1.0
46,AAPK2_HUMAN_D0,L249P,1,8,1.0
47,AAPK2_HUMAN_D0,P253Q,1,8,1.0
48,AAPK2_HUMAN_D0,I259M,1,8,1.0
49,AAPK2_HUMAN_D0,R263K,1,8,1.0
50,ABL1_HUMAN_D0,E409K,3,19,2.2
51,ABL1_HUMAN_D0,E453Q,3,19,2.2
52,ABL1_HUMAN_D0,G250R,2,19,2.2
53,ABL1_HUMAN_D0,A365V,2,19,2.2
54,ABL1_HUMAN_D0,V371L,2,19,2.2
55,ABL1_HUMAN_D0,D381Y,2,19,2.2
56,ABL1_HUMAN_D0,Y440H,2,19,2.2
57,ABL1_HUMAN_D0,Y449C,2,19,2.2
58,ABL1_HUMAN_D0,E453K,2,19,2.2
59,ABL1_HUMAN_D0,R460H,2,19,2.2
60,ABL1_HUMAN_D0,D482E,2,19,2.2
61,ABL1_HUMAN_D0,G251C,1,19,2.2
62,ABL1_HUMAN_D0,G254R,1,19,2.2
63,ABL1_HUMAN_D0,Y257C,1,19,2.2
64,ABL1_HUMAN_D0,G259S,1,19,2.2
65,ABL1_HUMAN_D0,T277I,1,19,2.2
66,ABL1_HUMAN_D0,E282Q,1,19,2.2
67,ABL1_HUMAN_D0,E292D,1,19,2.2
68,ABL1_HUMAN_D0,I293M,1,19,2.2
69,ABL1_HUMAN_D0,L298R,1,19,2.2
70,ABL1_HUMAN_D0,Q300H,1,19,2.2
71,ABL1_HUMAN_D0,G303R,1,19,2.2
72,ABL1_HUMAN_D0,P309S,1,19,2.2
73,ABL1_HUMAN_D0,P310S,1,19,2.2
74,ABL1_HUMAN_D0,Y312C,1,19,2.2
75,ABL1_HUMAN_D0,Y312H,1,19,2.2
76,ABL1_HUMAN_D0,I313T,1,19,2.2
77,ABL1_HUMAN_D0,G321L,1,19,2.2
78,ABL1_HUMAN_D0,G321R,1,19,2.2
79,ABL1_HUMAN_D0,R328K,1,19,2.2
80,ABL1_HUMAN_D0,R332W,1,19,2.2
81,ABL1_HUMAN_D0,S348L,1,19,2.2
82,ABL1_HUMAN_D0,S349L,1,19,2.2
83,ABL1_HUMAN_D0,M351T,1,19,2.2
84,ABL1_HUMAN_D0,D363N,1,19,2.2
85,ABL1_HUMAN_D0,N368D,1,19,2.2
86,ABL1_HUMAN_D0,C369Y,1,19,2.2
87,ABL1_HUMAN_D0,V371I,1,19,2.2
88,ABL1_HUMAN_D0,F382L,1,19,2.2
89,ABL1_HUMAN_D0,G390W,1,19,2.2
90,ABL1_HUMAN_D0,I403T,1,19,2.2
91,ABL1_HUMAN_D0,P408R,1,19,2.2
92,ABL1_HUMAN_D0,P408L,1,19,2.2
93,ABL1_HUMAN_D0,L411P,1,19,2.2
94,ABL1_HUMAN_D0,S420F,1,19,2.2
95,ABL1_HUMAN_D0,E431K,1,19,2.2
96,ABL1_HUMAN_D0,P441L,1,19,2.2
97,ABL1_HUMAN_D0,M472L,1,19,2.2
98,ABL1_HUMAN_D0,R483W,1,19,2.2
99,ABL1_HUMAN_D0,A487D,1,19,2.2
100,AURKA_HUMAN_D0,E134K,1,8,1.0
101,AURKA_HUMAN_D0,G173R,1,8,1.0
102,AURKA_HUMAN_D0,G173E,1,8,1.0
103,AURKA_HUMAN_D0,E175K,1,8,1.0
104,AURKA_HUMAN_D0,V218F,1,8,1.0
105,AURKA_HUMAN_D0,H254Y,1,8,1.0
106,AURKA_HUMAN_D0,V279L,1,8,1.0
107,AURKA_HUMAN_D0,R285M,1,8,1.0
108,AURKA_HUMAN_D0,G291D,1,8,1.0
109,AURKA_HUMAN_D0,G316E,1,8,1.0
110,AURKA_HUMAN_D0,G355R,1,8,1.0
111,AURKA_HUMAN_D0,R357S,1,8,1.0
112,AURKA_HUMAN_D0,L378R,1,8,1.0
113,BMPR2_HUMAN_D0,R259C,3,106,12.7
114,BMPR2_HUMAN_D0,E386G,3,106,12.7
115,BMPR2_HUMAN_D0,R211Q,2,106,12.7
116,BMPR2_HUMAN_D0,S233F,2,106,12.7
117,BMPR2_HUMAN_D0,E253Q,2,106,12.7
118,BMPR2_HUMAN_D0,P283T,2,106,12.7
119,BMPR2_HUMAN_D0,S301A,2,106,12.7
120,BMPR2_HUMAN_D0,H306Q,2,106,12.7
121,BMPR2_HUMAN_D0,M356I,2,106,12.7
122,BMPR2_HUMAN_D0,G367R,2,106,12.7
123,BMPR2_HUMAN_D0,A372T,2,106,12.7
124,BMPR2_HUMAN_D0,E389Q,2,106,12.7
125,BMPR2_HUMAN_D0,A391D,2,106,12.7
126,BMPR2_HUMAN_D0,E415Q,2,106,12.7
127,BMPR2_HUMAN_D0,V429L,2,106,12.7
128,BMPR2_HUMAN_D0,V453L,2,106,12.7
129,BMPR2_HUMAN_D0,E489D,2,106,12.7
130,BMPR2_HUMAN_D0,R491W,2,106,12.7
131,BMPR2_HUMAN_D0,S221F,1,106,12.7
132,BMPR2_HUMAN_D0,E243K,1,106,12.7
133,BMPR2_HUMAN_D0,R259L,1,106,12.7
134,BMPR2_HUMAN_D0,D264V,1,106,12.7
135,BMPR2_HUMAN_D0,R272C,1,106,12.7
136,BMPR2_HUMAN_D0,L277I,1,106,12.7
137,BMPR2_HUMAN_D0,G311R,1,106,12.7
138,BMPR2_HUMAN_D0,P320S,1,106,12.7
139,BMPR2_HUMAN_D0,H331Y,1,106,12.7
140,BMPR2_HUMAN_D0,R337K,1,106,12.7
141,BMPR2_HUMAN_D0,R337I,1,106,12.7
142,BMPR2_HUMAN_D0,T346A,1,106,12.7
143,BMPR2_HUMAN_D0,M356T,1,106,12.7
144,BMPR2_HUMAN_D0,E376G,1,106,12.7
145,BMPR2_HUMAN_D0,G390R,1,106,12.7
146,BMPR2_HUMAN_D0,L409F,1,106,12.7
147,BMPR2_HUMAN_D0,G410V,1,106,12.7
148,BMPR2_HUMAN_D0,R491Q,1,106,12.7
149,BMPR2_HUMAN_D0,Q495E,1,106,12.7
150,CDK2_HUMAN_D0,R245Q,3,23,2.7
151,CDK2_HUMAN_D0,G13D,2,23,2.7
152,CDK2_HUMAN_D0,K20E,2,23,2.7
153,CDK2_HUMAN_D0,K34T,2,23,2.7
154,CDK2_HUMAN_D0,D68N,2,23,2.7
155,CDK2_HUMAN_D0,P100S,2,23,2.7
156,CDK2_HUMAN_D0,Q113H,2,23,2.7
157,CDK2_HUMAN_D0,R122G,2,23,2.7
158,CDK2_HUMAN_D0,L124P,2,23,2.7
159,CDK2_HUMAN_D0,P253L,2,23,2.7
160,CDK2_HUMAN_D0,G13R,1,23,2.7
161,CDK2_HUMAN_D0,G13S,1,23,2.7
162,CDK2_HUMAN_D0,P61S,1,23,2.7
163,CDK2_HUMAN_D0,K65R,1,23,2.7
164,CDK2_HUMAN_D0,K88E,1,23,2.7
165,CDK2_HUMAN_D0,K89T,1,23,2.7
166,CDK2_HUMAN_D0,F109L,1,23,2.7
167,CDK2_HUMAN_D0,C118F,1,23,2.7
168,CDK2_HUMAN_D0,R122L,1,23,2.7
169,CDK2_HUMAN_D0,N136D,1,23,2.7
170,CDK2_HUMAN_D0,L175M,1,23,2.7
171,CDK2_HUMAN_D0,R200L,1,23,2.7
172,CDK2_HUMAN_D0,L212F,1,23,2.7
173,CDK2_HUMAN_D0,R217L,1,23,2.7
174,CDK2_HUMAN_D0,D223Y,1,23,2.7
175,CDK2_HUMAN_D0,P241H,1,23,2.7
176,CDK2_HUMAN_D0,S264P,1,23,2.7
177,CDK2_HUMAN_D0,Y269C,1,23,2.7
178,CDK2_HUMAN_D0,D270N,1,23,2.7
179,CDK2_HUMAN_D0,R274Q,1,23,2.7
180,CDK2_HUMAN_D0,A280V,1,23,2.7
181,CDKL1_HUMAN_D0,Q275E,1,174,20.8
182,CDKL1_HUMAN_D0,T278I,1,174,20.8
183,CHK2_HUMAN_D0,K373E,52,61,7.4
184,CHK2_HUMAN_D0,L226F,4,61,7.4
185,CHK2_HUMAN_D0,A392V,4,61,7.4
186,CHK2_HUMAN_D0,A247D,3,61,7.4
187,CHK2_HUMAN_D0,R346C,3,61,7.4
188,CHK2_HUMAN_D0,R346G,3,61,7.4
189,CHK2_HUMAN_D0,A247T,2,61,7.4
190,CHK2_HUMAN_D0,I276S,2,61,7.4
191,CHK2_HUMAN_D0,K279T,2,61,7.4
192,CHK2_HUMAN_D0,H339Y,2,61,7.4
193,CHK2_HUMAN_D0,R346S,2,61,7.4
194,CHK2_HUMAN_D0,R346H,2,61,7.4
195,CHK2_HUMAN_D0,E351D,2,61,7.4
196,CHK2_HUMAN_D0,L354V,2,61,7.4
197,CHK2_HUMAN_D0,L355P,2,61,7.4
198,CHK2_HUMAN_D0,E377K,2,61,7.4
199,CHK2_HUMAN_D0,L391F,2,61,7.4
200,CHK2_HUMAN_D0,Y404C,2,61,7.4
201,CHK2_HUMAN_D0,L462I,2,61,7.4
202,CHK2_HUMAN_D0,R474H,2,61,7.4
203,CHK2_HUMAN_D0,A480T,2,61,7.4
204,CHK2_HUMAN_D0,T225S,1,61,7.4
205,CHK2_HUMAN_D0,L226V,1,61,7.4
206,CHK2_HUMAN_D0,A230S,1,61,7.4
207,CHK2_HUMAN_D0,G232R,1,61,7.4
208,CHK2_HUMAN_D0,A237T,1,61,7.4
209,CHK2_HUMAN_D0,E239K,1,61,7.4
210,CHK2_HUMAN_D0,V246I,1,61,7.4
211,CHK2_HUMAN_D0,I251M,1,61,7.4
212,CHK2_HUMAN_D0,S252N,1,61,7.4
213,CHK2_HUMAN_D0,K253E,1,61,7.4
214,CHK2_HUMAN_D0,E263K,1,61,7.4
215,CHK2_HUMAN_D0,V270I,1,61,7.4
216,CHK2_HUMAN_D0,E275K,1,61,7.4
217,CHK2_HUMAN_D0,H282Y,1,61,7.4
218,CHK2_HUMAN_D0,D296N,1,61,7.4
219,CHK2_HUMAN_D0,M304I,1,61,7.4
220,CHK2_HUMAN_D0,E305G,1,61,7.4
221,CHK2_HUMAN_D0,G306W,1,61,7.4
222,CHK2_HUMAN_D0,G306R,1,61,7.4
223,CHK2_HUMAN_D0,G306E,1,61,7.4
224,CHK2_HUMAN_D0,E308Q,1,61,7.4
225,CHK2_HUMAN_D0,K312T,1,61,7.4
226,CHK2_HUMAN_D0,K320R,1,61,7.4
227,CHK2_HUMAN_D0,M331T,1,61,7.4
228,CHK2_HUMAN_D0,L338R,1,61,7.4
229,CHK2_HUMAN_D0,E340K,1,61,7.4
230,CHK2_HUMAN_D0,G342V,1,61,7.4
231,CHK2_HUMAN_D0,G342D,1,61,7.4
232,CHK2_HUMAN_D0,D347Y,1,61,7.4
233,CHK2_HUMAN_D0,L348F,1,61,7.4
234,CHK2_HUMAN_D0,S356L,1,61,7.4
235,CHK2_HUMAN_D0,E359K,1,61,7.4
236,CHK2_HUMAN_D0,D361G,1,61,7.4
237,CHK2_HUMAN_D0,S379F,1,61,7.4
238,CHK2_HUMAN_D0,S379C,1,61,7.4
239,CHK2_HUMAN_D0,M381I,1,61,7.4
240,CHK2_HUMAN_D0,T387N,1,61,7.4
241,CHK2_HUMAN_D0,T389I,1,61,7.4
242,CHK2_HUMAN_D0,A392S,1,61,7.4
243,CHK2_HUMAN_D0,E394K,1,61,7.4
244,CHK2_HUMAN_D0,V395L,1,61,7.4
245,CHK2_HUMAN_D0,L396V,1,61,7.4
246,CHK2_HUMAN_D0,G400V,1,61,7.4
247,CHK2_HUMAN_D0,R406H,1,61,7.4
248,CHK2_HUMAN_D0,A407T,1,61,7.4
249,CHK2_HUMAN_D0,V408L,1,61,7.4
250,CHK2_HUMAN_D0,S428F,1,61,7.4
251,CHK2_HUMAN_D0,Q433E,1,61,7.4
252,CHK2_HUMAN_D0,S435L,1,61,7.4
253,CHK2_HUMAN_D0,S456L,1,61,7.4
254,CHK2_HUMAN_D0,E457K,1,61,7.4
255,CHK2_HUMAN_D0,K464N,1,61,7.4
256,CSK21_HUMAN_D0,L70I,4,109,13.1
257,CSK21_HUMAN_D0,H236R,4,109,13.1
258,CSK21_HUMAN_D0,K76N,3,109,13.1
259,CSK21_HUMAN_D0,M150I,3,109,13.1
260,CSK21_HUMAN_D0,R195Q,3,109,13.1
261,CSK21_HUMAN_D0,D214Y,3,109,13.1
262,CSK21_HUMAN_D0,R278Q,3,109,13.1
263,CSK21_HUMAN_D0,N58S,2,109,13.1
264,CSK21_HUMAN_D0,L85V,2,109,13.1
265,CSK21_HUMAN_D0,P92T,2,109,13.1
266,CSK21_HUMAN_D0,A110T,2,109,13.1
267,CSK21_HUMAN_D0,L128S,2,109,13.1
268,CSK21_HUMAN_D0,D130Y,2,109,13.1
269,CSK21_HUMAN_D0,I140M,2,109,13.1
270,CSK21_HUMAN_D0,V162A,2,109,13.1
271,CSK21_HUMAN_D0,D165H,2,109,13.1
272,CSK21_HUMAN_D0,W176C,2,109,13.1
273,CSK21_HUMAN_D0,G177S,2,109,13.1
274,CSK21_HUMAN_D0,R191Q,2,109,13.1
275,CSK21_HUMAN_D0,P200L,2,109,13.1
276,CSK21_HUMAN_D0,P200H,2,109,13.1
277,CSK21_HUMAN_D0,D210N,2,109,13.1
278,CSK21_HUMAN_D0,N270S,2,109,13.1
279,CSK21_HUMAN_D0,D271Y,2,109,13.1
280,CSK21_HUMAN_D0,I272M,2,109,13.1
281,CSK21_HUMAN_D0,R43Q,1,109,13.1
282,CSK21_HUMAN_D0,K83N,1,109,13.1
283,CSK21_HUMAN_D0,N87K,1,109,13.1
284,CSK21_HUMAN_D0,V101G,1,109,13.1
285,CSK21_HUMAN_D0,R107Q,1,109,13.1
286,CSK21_HUMAN_D0,C147Y,1,109,13.1
287,CSK21_HUMAN_D0,S194F,1,109,13.1
288,CSK21_HUMAN_D0,F197L,1,109,13.1
289,CSK21_HUMAN_D0,E201K,1,109,13.1
290,CSK21_HUMAN_D0,D214H,1,109,13.1
291,CSK21_HUMAN_D0,S217N,1,109,13.1
292,CSK21_HUMAN_D0,G235A,1,109,13.1
293,CSK21_HUMAN_D0,N262S,1,109,13.1
294,CSK21_HUMAN_D0,D271N,1,109,13.1
295,CSK21_HUMAN_D0,R280Q,1,109,13.1
296,CSK21_HUMAN_D0,E288A,1,109,13.1
297,CSK21_HUMAN_D0,Q290H,1,109,13.1
298,CSK21_HUMAN_D0,D302N,1,109,13.1
299,CSK21_HUMAN_D0,Y307C,1,109,13.1
300,CSK21_HUMAN_D0,S311P,1,109,13.1
301,CSK22_HUMAN_D0,D176Y,5,134,16.1
302,CSK22_HUMAN_D0,K75T,2,134,16.1
303,CSK22_HUMAN_D0,K77N,2,134,16.1
304,CSK22_HUMAN_D0,L89R,2,134,16.1
305,CSK22_HUMAN_D0,D100E,2,134,16.1
306,CSK22_HUMAN_D0,G178D,2,134,16.1
307,CSK22_HUMAN_D0,L203P,2,134,16.1
308,CSK22_HUMAN_D0,F233L,2,134,16.1
309,CSK22_HUMAN_D0,R245P,2,134,16.1
310,CSK22_HUMAN_D0,H263R,2,134,16.1
311,CSK22_HUMAN_D0,N271D,2,134,16.1
312,CSK22_HUMAN_D0,F285V,2,134,16.1
313,CSK22_HUMAN_D0,R44Q,1,134,16.1
314,CSK22_HUMAN_D0,N63H,1,134,16.1
315,CSK22_HUMAN_D0,R90S,1,134,16.1
316,CSK22_HUMAN_D0,R90H,1,134,16.1
317,CSK22_HUMAN_D0,R90C,1,134,16.1
318,CSK22_HUMAN_D0,K123T,1,134,16.1
319,CSK22_HUMAN_D0,R156S,1,134,16.1
320,CSK22_HUMAN_D0,M164I,1,134,16.1
321,CSK22_HUMAN_D0,K171R,1,134,16.1
322,CSK22_HUMAN_D0,E181Q,1,134,16.1
323,CSK22_HUMAN_D0,G200E,1,134,16.1
324,CSK22_HUMAN_D0,P201L,1,134,16.1
325,CSK22_HUMAN_D0,L204F,1,134,16.1
326,CSK22_HUMAN_D0,M209I,1,134,16.1
327,CSK22_HUMAN_D0,M209T,1,134,16.1
328,CSK22_HUMAN_D0,F234I,1,134,16.1
329,CSK22_HUMAN_D0,L243R,1,134,16.1
330,CSK22_HUMAN_D0,R245H,1,134,16.1
331,CSK22_HUMAN_D0,D267N,1,134,16.1
332,CSK22_HUMAN_D0,Q276R,1,134,16.1
333,CSK22_HUMAN_D0,V294A,1,134,16.1
334,CSK22_HUMAN_D0,A298S,1,134,16.1
335,CSK_HUMAN_D0,M240V,2,469,56.3
336,CSK_HUMAN_D0,V254M,2,469,56.3
337,CSK_HUMAN_D0,G261R,2,469,56.3
338,CSK_HUMAN_D0,R318C,2,469,56.3
339,CSK_HUMAN_D0,D368N,2,469,56.3
340,CSK_HUMAN_D0,W370C,2,469,56.3
341,CSK_HUMAN_D0,R398Q,2,469,56.3
342,CSK_HUMAN_D0,V418I,2,469,56.3
343,CSK_HUMAN_D0,M210N,1,469,56.3
344,CSK_HUMAN_D0,L262P,1,469,56.3
345,CSK_HUMAN_D0,Y268C,1,469,56.3
346,CSK_HUMAN_D0,R283L,1,469,56.3
347,CSK_HUMAN_D0,R283W,1,469,56.3
348,CSK_HUMAN_D0,L292F,1,469,56.3
349,CSK_HUMAN_D0,K293R,1,469,56.3
350,CSK_HUMAN_D0,G307C,1,469,56.3
351,CSK_HUMAN_D0,F310C,1,469,56.3
352,CSK_HUMAN_D0,H312R,1,469,56.3
353,CSK_HUMAN_D0,A317T,1,469,56.3
354,CSK_HUMAN_D0,N326T,1,469,56.3
355,CSK_HUMAN_D0,D332N,1,469,56.3
356,CSK_HUMAN_D0,D332G,1,469,56.3
357,CSK_HUMAN_D0,Q343K,1,469,56.3
358,CSK_HUMAN_D0,V350I,1,469,56.3
359,CSK_HUMAN_D0,K361T,1,469,56.3
360,CSK_HUMAN_D0,F363L,1,469,56.3
361,CSK_HUMAN_D0,Y380N,1,469,56.3
362,CSK_HUMAN_D0,R384L,1,469,56.3
363,CSK_HUMAN_D0,R384Q,1,469,56.3
364,CSK_HUMAN_D0,D394E,1,469,56.3
365,CSK_HUMAN_D0,H449Y,1,469,56.3
366,DAPK1_HUMAN_D0,F119C,9,18,2.2
367,DAPK1_HUMAN_D0,R31H,4,18,2.2
368,DAPK1_HUMAN_D0,V96I,3,18,2.2
369,DAPK1_HUMAN_D0,H272Y,3,18,2.2
370,DAPK1_HUMAN_D0,G16R,2,18,2.2
371,DAPK1_HUMAN_D0,E32D,2,18,2.2
372,DAPK1_HUMAN_D0,I44V,2,18,2.2
373,DAPK1_HUMAN_D0,R53W,2,18,2.2
374,DAPK1_HUMAN_D0,E114K,2,18,2.2
375,DAPK1_HUMAN_D0,L124F,2,18,2.2
376,DAPK1_HUMAN_D0,A136T,2,18,2.2
377,DAPK1_HUMAN_D0,P142H,2,18,2.2
378,DAPK1_HUMAN_D0,K154T,2,18,2.2
379,DAPK1_HUMAN_D0,F183C,2,18,2.2
380,DAPK1_HUMAN_D0,E235K,2,18,2.2
381,DAPK1_HUMAN_D0,D250Y,2,18,2.2
382,DAPK1_HUMAN_D0,K262N,2,18,2.2
383,DAPK1_HUMAN_D0,P273R,2,18,2.2
384,DAPK1_HUMAN_D0,G20D,1,18,2.2
385,DAPK1_HUMAN_D0,A25P,1,18,2.2
386,DAPK1_HUMAN_D0,S34I,1,18,2.2
387,DAPK1_HUMAN_D0,S34R,1,18,2.2
388,DAPK1_HUMAN_D0,A40T,1,18,2.2
389,DAPK1_HUMAN_D0,I44M,1,18,2.2
390,DAPK1_HUMAN_D0,R47M,1,18,2.2
391,DAPK1_HUMAN_D0,S52N,1,18,2.2
392,DAPK1_HUMAN_D0,R54L,1,18,2.2
393,DAPK1_HUMAN_D0,R54W,1,18,2.2
394,DAPK1_HUMAN_D0,R54Q,1,18,2.2
395,DAPK1_HUMAN_D0,R58L,1,18,2.2
396,DAPK1_HUMAN_D0,R58H,1,18,2.2
397,DAPK1_HUMAN_D0,R58C,1,18,2.2
398,DAPK1_HUMAN_D0,V76A,1,18,2.2
399,DAPK1_HUMAN_D0,Y83H,1,18,2.2
400,DAPK1_HUMAN_D0,T87M,1,18,2.2
401,DAPK1_HUMAN_D0,V89I,1,18,2.2
402,DAPK1_HUMAN_D0,E113V,1,18,2.2
403,DAPK1_HUMAN_D0,Q122L,1,18,2.2
404,DAPK1_HUMAN_D0,L124I,1,18,2.2
405,DAPK1_HUMAN_D0,L124H,1,18,2.2
406,DAPK1_HUMAN_D0,L148F,1,18,2.2
407,DAPK1_HUMAN_D0,I168F,1,18,2.2
408,DAPK1_HUMAN_D0,D169E,1,18,2.2
409,DAPK1_HUMAN_D0,I177M,1,18,2.2
410,DAPK1_HUMAN_D0,T180I,1,18,2.2
411,DAPK1_HUMAN_D0,A185S,1,18,2.2
412,DAPK1_HUMAN_D0,V229L,1,18,2.2
413,DAPK1_HUMAN_D0,A231T,1,18,2.2
414,DAPK1_HUMAN_D0,N233S,1,18,2.2
415,DAPK1_HUMAN_D0,R253G,1,18,2.2
416,DAPK3_HUMAN_D0,R31Q,2,30,3.5
417,DAPK3_HUMAN_D0,G34C,2,30,3.5
418,DAPK3_HUMAN_D0,R47C,2,30,3.5
419,DAPK3_HUMAN_D0,S52I,2,30,3.5
420,DAPK3_HUMAN_D0,E84K,2,30,3.5
421,DAPK3_HUMAN_D0,V89M,2,30,3.5
422,DAPK3_HUMAN_D0,L120F,2,30,3.5
423,DAPK3_HUMAN_D0,G126D,2,30,3.5
424,DAPK3_HUMAN_D0,D149N,2,30,3.5
425,DAPK3_HUMAN_D0,A170V,2,30,3.5
426,DAPK3_HUMAN_D0,N176K,2,30,3.5
427,DAPK3_HUMAN_D0,P216L,2,30,3.5
428,DAPK3_HUMAN_D0,T244I,2,30,3.5
429,DAPK3_HUMAN_D0,G20D,1,30,3.5
430,DAPK3_HUMAN_D0,A41D,1,30,3.5
431,DAPK3_HUMAN_D0,S57T,1,30,3.5
432,DAPK3_HUMAN_D0,L91F,1,30,3.5
433,DAPK3_HUMAN_D0,E100V,1,30,3.5
434,DAPK3_HUMAN_D0,H131R,1,30,3.5
435,DAPK3_HUMAN_D0,I168T,1,30,3.5
436,DAPK3_HUMAN_D0,E169K,1,30,3.5
437,DAPK3_HUMAN_D0,F174L,1,30,3.5
438,DAPK3_HUMAN_D0,I177M,1,30,3.5
439,DAPK3_HUMAN_D0,G179D,1,30,3.5
440,DAPK3_HUMAN_D0,E182K,1,30,3.5
441,DAPK3_HUMAN_D0,G213S,1,30,3.5
442,DAPK3_HUMAN_D0,P216S,1,30,3.5
443,DAPK3_HUMAN_D0,T225M,1,30,3.5
444,DAPK3_HUMAN_D0,R253C,1,30,3.5
445,DAPK3_HUMAN_D0,V257I,1,30,3.5
446,DAPK3_HUMAN_D0,K258N,1,30,3.5
447,DYR1A_HUMAN_D0,E160K,5,256,30.7
448,DYR1A_HUMAN_D0,L164F,4,256,30.7
449,DYR1A_HUMAN_D0,R328Q,3,256,30.7
450,DYR1A_HUMAN_D0,V180M,2,256,30.7
451,DYR1A_HUMAN_D0,E181K,2,256,30.7
452,DYR1A_HUMAN_D0,L207V,2,256,30.7
453,DYR1A_HUMAN_D0,K225T,2,256,30.7
454,DYR1A_HUMAN_D0,R226H,2,256,30.7
455,DYR1A_HUMAN_D0,N244K,2,256,30.7
456,DYR1A_HUMAN_D0,D247N,2,256,30.7
457,DYR1A_HUMAN_D0,D247H,2,256,30.7
458,DYR1A_HUMAN_D0,P279R,2,256,30.7
459,DYR1A_HUMAN_D0,E280Q,2,256,30.7
460,DYR1A_HUMAN_D0,I283V,2,256,30.7
461,DYR1A_HUMAN_D0,C286Y,2,256,30.7
462,DYR1A_HUMAN_D0,R300H,2,256,30.7
463,DYR1A_HUMAN_D0,S311Y,2,256,30.7
464,DYR1A_HUMAN_D0,R328L,2,256,30.7
465,DYR1A_HUMAN_D0,G348R,2,256,30.7
466,DYR1A_HUMAN_D0,G428A,2,256,30.7
467,DYR1A_HUMAN_D0,D454H,2,256,30.7
468,DYR1A_HUMAN_D0,S169F,1,256,30.7
469,DYR1A_HUMAN_D0,R179C,1,256,30.7
470,DYR1A_HUMAN_D0,K188T,1,256,30.7
471,DYR1A_HUMAN_D0,I221M,1,256,30.7
472,DYR1A_HUMAN_D0,R226C,1,256,30.7
473,DYR1A_HUMAN_D0,V237F,1,256,30.7
474,DYR1A_HUMAN_D0,N244Y,1,256,30.7
475,DYR1A_HUMAN_D0,Q268H,1,256,30.7
476,DYR1A_HUMAN_D0,A272V,1,256,30.7
477,DYR1A_HUMAN_D0,L295V,1,256,30.7
478,DYR1A_HUMAN_D0,V306F,1,256,30.7
479,DYR1A_HUMAN_D0,D307N,1,256,30.7
480,DYR1A_HUMAN_D0,S311P,1,256,30.7
481,DYR1A_HUMAN_D0,Y321C,1,256,30.7
482,DYR1A_HUMAN_D0,P330S,1,256,30.7
483,DYR1A_HUMAN_D0,A341V,1,256,30.7
484,DYR1A_HUMAN_D0,M344T,1,256,30.7
485,DYR1A_HUMAN_D0,S346F,1,256,30.7
486,DYR1A_HUMAN_D0,G348W,1,256,30.7
487,DYR1A_HUMAN_D0,F394L,1,256,30.7
488,DYR1A_HUMAN_D0,K397N,1,256,30.7
489,DYR1A_HUMAN_D0,D410N,1,256,30.7
490,DYR1A_HUMAN_D0,H424Y,1,256,30.7
491,DYR1A_HUMAN_D0,R437L,1,256,30.7
492,DYR1A_HUMAN_D0,P464L,1,256,30.7
493,DYR1A_HUMAN_D0,R467Q,1,256,30.7
494,DYR1A_HUMAN_D0,Y471N,1,256,30.7
495,DYRK2_HUMAN_D0,R523H,3,18,2.2
496,DYRK2_HUMAN_D0,D241N,2,18,2.2
497,DYRK2_HUMAN_D0,R261Q,2,18,2.2
498,DYRK2_HUMAN_D0,R274Q,2,18,2.2
499,DYRK2_HUMAN_D0,R294H,2,18,2.2
500,DYRK2_HUMAN_D0,S372R,2,18,2.2
501,DYRK2_HUMAN_D0,R378L,2,18,2.2
502,DYRK2_HUMAN_D0,T381M,2,18,2.2
503,DYRK2_HUMAN_D0,A397S,2,18,2.2
504,DYRK2_HUMAN_D0,A397D,2,18,2.2
505,DYRK2_HUMAN_D0,M405L,2,18,2.2
506,DYRK2_HUMAN_D0,S407C,2,18,2.2
507,DYRK2_HUMAN_D0,T417M,2,18,2.2
508,DYRK2_HUMAN_D0,N454H,2,18,2.2
509,DYRK2_HUMAN_D0,R463H,2,18,2.2
510,DYRK2_HUMAN_D0,G489D,2,18,2.2
511,DYRK2_HUMAN_D0,A499V,2,18,2.2
512,DYRK2_HUMAN_D0,H532Y,2,18,2.2
513,DYRK2_HUMAN_D0,Y222H,1,18,2.2
514,DYRK2_HUMAN_D0,V224F,1,18,2.2
515,DYRK2_HUMAN_D0,K238N,1,18,2.2
516,DYRK2_HUMAN_D0,R258H,1,18,2.2
517,DYRK2_HUMAN_D0,R268Q,1,18,2.2
518,DYRK2_HUMAN_D0,L273M,1,18,2.2
519,DYRK2_HUMAN_D0,T281R,1,18,2.2
520,DYRK2_HUMAN_D0,M282T,1,18,2.2
521,DYRK2_HUMAN_D0,M282I,1,18,2.2
522,DYRK2_HUMAN_D0,C298R,1,18,2.2
523,DYRK2_HUMAN_D0,M299I,1,18,2.2
524,DYRK2_HUMAN_D0,N307K,1,18,2.2
525,DYRK2_HUMAN_D0,S321R,1,18,2.2
526,DYRK2_HUMAN_D0,R326C,1,18,2.2
527,DYRK2_HUMAN_D0,E375G,1,18,2.2
528,DYRK2_HUMAN_D0,R378C,1,18,2.2
529,DYRK2_HUMAN_D0,L395F,1,18,2.2
530,DYRK2_HUMAN_D0,G396E,1,18,2.2
531,DYRK2_HUMAN_D0,G396R,1,18,2.2
532,DYRK2_HUMAN_D0,D447G,1,18,2.2
533,DYRK2_HUMAN_D0,S458F,1,18,2.2
534,DYRK2_HUMAN_D0,K459N,1,18,2.2
535,DYRK2_HUMAN_D0,P462S,1,18,2.2
536,DYRK2_HUMAN_D0,T466A,1,18,2.2
537,DYRK2_HUMAN_D0,S474F,1,18,2.2
538,DYRK2_HUMAN_D0,N478S,1,18,2.2
539,DYRK2_HUMAN_D0,S482F,1,18,2.2
540,DYRK2_HUMAN_D0,P506L,1,18,2.2
541,DYRK2_HUMAN_D0,L507P,1,18,2.2
542,DYRK2_HUMAN_D0,R523C,1,18,2.2
543,DYRK2_HUMAN_D0,P526L,1,18,2.2
544,DYRK2_HUMAN_D0,R531Q,1,18,2.2
545,E2AK2_HUMAN_D0,R297H,3,87,10.5
546,E2AK2_HUMAN_D0,E303V,2,87,10.5
547,E2AK2_HUMAN_D0,K358N,2,87,10.5
548,E2AK2_HUMAN_D0,I364V,2,87,10.5
549,E2AK2_HUMAN_D0,W377C,2,87,10.5
550,E2AK2_HUMAN_D0,I405T,2,87,10.5
551,E2AK2_HUMAN_D0,V428I,2,87,10.5
552,E2AK2_HUMAN_D0,D470Y,2,87,10.5
553,E2AK2_HUMAN_D0,A473T,2,87,10.5
554,E2AK2_HUMAN_D0,G501C,2,87,10.5
555,E2AK2_HUMAN_D0,E531K,2,87,10.5
556,E2AK2_HUMAN_D0,I270T,1,87,10.5
557,E2AK2_HUMAN_D0,G276C,1,87,10.5
558,E2AK2_HUMAN_D0,G279R,1,87,10.5
559,E2AK2_HUMAN_D0,K291N,1,87,10.5
560,E2AK2_HUMAN_D0,K304N,1,87,10.5
561,E2AK2_HUMAN_D0,R307C,1,87,10.5
562,E2AK2_HUMAN_D0,V309L,1,87,10.5
563,E2AK2_HUMAN_D0,S355L,1,87,10.5
564,E2AK2_HUMAN_D0,K429N,1,87,10.5
565,E2AK2_HUMAN_D0,L439V,1,87,10.5
566,E2AK2_HUMAN_D0,S448N,1,87,10.5
567,E2AK2_HUMAN_D0,G466A,1,87,10.5
568,E2AK2_HUMAN_D0,C485Y,1,87,10.5
569,E2AK2_HUMAN_D0,S530Y,1,87,10.5
570,E2AK2_HUMAN_D0,L536F,1,87,10.5
571,EPHA3_HUMAN_D0,L642R,6,106,12.7
572,EPHA3_HUMAN_D0,R750Q,5,106,12.7
573,EPHA3_HUMAN_D0,T802R,4,106,12.7
574,EPHA3_HUMAN_D0,F677Y,3,106,12.7
575,EPHA3_HUMAN_D0,D859N,3,106,12.7
576,EPHA3_HUMAN_D0,K625T,2,106,12.7
577,EPHA3_HUMAN_D0,E631K,2,106,12.7
578,EPHA3_HUMAN_D0,V635L,2,106,12.7
579,EPHA3_HUMAN_D0,S649L,2,106,12.7
580,EPHA3_HUMAN_D0,V650L,2,106,12.7
581,EPHA3_HUMAN_D0,A651T,2,106,12.7
582,EPHA3_HUMAN_D0,K653R,2,106,12.7
583,EPHA3_HUMAN_D0,K653E,2,106,12.7
584,EPHA3_HUMAN_D0,K656N,2,106,12.7
585,EPHA3_HUMAN_D0,V657A,2,106,12.7
586,EPHA3_HUMAN_D0,L668M,2,106,12.7
587,EPHA3_HUMAN_D0,R684P,2,106,12.7
588,EPHA3_HUMAN_D0,R684Q,2,106,12.7
589,EPHA3_HUMAN_D0,E686K,2,106,12.7
590,EPHA3_HUMAN_D0,K691N,2,106,12.7
591,EPHA3_HUMAN_D0,G741D,2,106,12.7
592,EPHA3_HUMAN_D0,D746N,2,106,12.7
593,EPHA3_HUMAN_D0,R750L,2,106,12.7
594,EPHA3_HUMAN_D0,S756G,2,106,12.7
595,EPHA3_HUMAN_D0,V759L,2,106,12.7
596,EPHA3_HUMAN_D0,K761M,2,106,12.7
597,EPHA3_HUMAN_D0,V762L,2,106,12.7
598,EPHA3_HUMAN_D0,G766E,2,106,12.7
599,EPHA3_HUMAN_D0,D773N,2,106,12.7
600,EPHA3_HUMAN_D0,G783R,2,106,12.7
601,EPHA3_HUMAN_D0,S803L,2,106,12.7
602,EPHA3_HUMAN_D0,S805R,2,106,12.7
603,EPHA3_HUMAN_D0,S809I,2,106,12.7
604,EPHA3_HUMAN_D0,Q831H,2,106,12.7
605,EPHA3_HUMAN_D0,P844S,2,106,12.7
606,EPHA3_HUMAN_D0,D864Y,2,106,12.7
607,EPHA3_HUMAN_D0,F871V,2,106,12.7
608,EPHA3_HUMAN_D0,S622F,1,106,12.7
609,EPHA3_HUMAN_D0,D624N,1,106,12.7
610,EPHA3_HUMAN_D0,G630A,1,106,12.7
611,EPHA3_HUMAN_D0,C636F,1,106,12.7
612,EPHA3_HUMAN_D0,R639C,1,106,12.7
613,EPHA3_HUMAN_D0,R639H,1,106,12.7
614,EPHA3_HUMAN_D0,S644L,1,106,12.7
615,EPHA3_HUMAN_D0,K646E,1,106,12.7
616,EPHA3_HUMAN_D0,E647G,1,106,12.7
617,EPHA3_HUMAN_D0,E647V,1,106,12.7
618,EPHA3_HUMAN_D0,K653N,1,106,12.7
619,EPHA3_HUMAN_D0,T654I,1,106,12.7
620,EPHA3_HUMAN_D0,V657L,1,106,12.7
621,EPHA3_HUMAN_D0,V657D,1,106,12.7
622,EPHA3_HUMAN_D0,V657F,1,106,12.7
623,EPHA3_HUMAN_D0,D666G,1,106,12.7
624,EPHA3_HUMAN_D0,G669R,1,106,12.7
625,EPHA3_HUMAN_D0,E670K,1,106,12.7
626,EPHA3_HUMAN_D0,M674I,1,106,12.7
627,EPHA3_HUMAN_D0,G675V,1,106,12.7
628,EPHA3_HUMAN_D0,G675K,1,106,12.7
629,EPHA3_HUMAN_D0,Q676H,1,106,12.7
630,EPHA3_HUMAN_D0,D678A,1,106,12.7
631,EPHA3_HUMAN_D0,D678E,1,106,12.7
632,EPHA3_HUMAN_D0,I682N,1,106,12.7
633,EPHA3_HUMAN_D0,E686Q,1,106,12.7
634,EPHA3_HUMAN_D0,V688D,1,106,12.7
635,EPHA3_HUMAN_D0,T690I,1,106,12.7
636,EPHA3_HUMAN_D0,S692I,1,106,12.7
637,EPHA3_HUMAN_D0,P694L,1,106,12.7
638,EPHA3_HUMAN_D0,P694T,1,106,12.7
639,EPHA3_HUMAN_D0,M696I,1,106,12.7
640,EPHA3_HUMAN_D0,I697L,1,106,12.7
641,EPHA3_HUMAN_D0,V698I,1,106,12.7
642,EPHA3_HUMAN_D0,E700K,1,106,12.7
643,EPHA3_HUMAN_D0,M702L,1,106,12.7
644,EPHA3_HUMAN_D0,S706F,1,106,12.7
645,EPHA3_HUMAN_D0,R712C,1,106,12.7
646,EPHA3_HUMAN_D0,K713T,1,106,12.7
647,EPHA3_HUMAN_D0,H714R,1,106,12.7
648,EPHA3_HUMAN_D0,D715Y,1,106,12.7
649,EPHA3_HUMAN_D0,A716V,1,106,12.7
650,EPHA3_HUMAN_D0,Q722K,1,106,12.7
651,EPHA3_HUMAN_D0,L723P,1,106,12.7
652,EPHA3_HUMAN_D0,V724M,1,106,12.7
653,EPHA3_HUMAN_D0,R728L,1,106,12.7
654,EPHA3_HUMAN_D0,R728G,1,106,12.7
655,EPHA3_HUMAN_D0,G729E,1,106,12.7
656,EPHA3_HUMAN_D0,I730R,1,106,12.7
657,EPHA3_HUMAN_D0,M740I,1,106,12.7
658,EPHA3_HUMAN_D0,D746Y,1,106,12.7
659,EPHA3_HUMAN_D0,L747V,1,106,12.7
660,EPHA3_HUMAN_D0,L747H,1,106,12.7
661,EPHA3_HUMAN_D0,A748T,1,106,12.7
662,EPHA3_HUMAN_D0,R750W,1,106,12.7
663,EPHA3_HUMAN_D0,N755I,1,106,12.7
664,EPHA3_HUMAN_D0,K761N,1,106,12.7
665,EPHA3_HUMAN_D0,V762G,1,106,12.7
666,EPHA3_HUMAN_D0,S763F,1,106,12.7
667,EPHA3_HUMAN_D0,F765L,1,106,12.7
668,EPHA3_HUMAN_D0,G766R,1,106,12.7
669,EPHA3_HUMAN_D0,S768L,1,106,12.7
670,EPHA3_HUMAN_D0,R769S,1,106,12.7
671,EPHA3_HUMAN_D0,R769C,1,106,12.7
672,EPHA3_HUMAN_D0,R769L,1,106,12.7
673,EPHA3_HUMAN_D0,R769H,1,106,12.7
674,EPHA3_HUMAN_D0,L771R,1,106,12.7
675,EPHA3_HUMAN_D0,P775S,1,106,12.7
676,EPHA3_HUMAN_D0,P775A,1,106,12.7
677,EPHA3_HUMAN_D0,A778P,1,106,12.7
678,EPHA3_HUMAN_D0,T781R,1,106,12.7
679,EPHA3_HUMAN_D0,R782I,1,106,12.7
680,EPHA3_HUMAN_D0,G784E,1,106,12.7
681,EPHA3_HUMAN_D0,P787T,1,106,12.7
682,EPHA3_HUMAN_D0,P787S,1,106,12.7
683,EPHA3_HUMAN_D0,I788N,1,106,12.7
684,EPHA3_HUMAN_D0,T791I,1,106,12.7
685,EPHA3_HUMAN_D0,I796K,1,106,12.7
686,EPHA3_HUMAN_D0,A797D,1,106,12.7
687,EPHA3_HUMAN_D0,R799C,1,106,12.7
688,EPHA3_HUMAN_D0,D806H,1,106,12.7
689,EPHA3_HUMAN_D0,D806N,1,106,12.7
690,EPHA3_HUMAN_D0,V807L,1,106,12.7
691,EPHA3_HUMAN_D0,W808L,1,106,12.7
692,EPHA3_HUMAN_D0,V813F,1,106,12.7
693,EPHA3_HUMAN_D0,E816G,1,106,12.7
694,EPHA3_HUMAN_D0,S819P,1,106,12.7
695,EPHA3_HUMAN_D0,S819Y,1,106,12.7
696,EPHA3_HUMAN_D0,G821R,1,106,12.7
697,EPHA3_HUMAN_D0,Y825H,1,106,12.7
698,EPHA3_HUMAN_D0,W826C,1,106,12.7
699,EPHA3_HUMAN_D0,E827K,1,106,12.7
700,EPHA3_HUMAN_D0,A836T,1,106,12.7
701,EPHA3_HUMAN_D0,D838N,1,106,12.7
702,EPHA3_HUMAN_D0,L843R,1,106,12.7
703,EPHA3_HUMAN_D0,D848E,1,106,12.7
704,EPHA3_HUMAN_D0,A851G,1,106,12.7
705,EPHA3_HUMAN_D0,A851D,1,106,12.7
706,EPHA3_HUMAN_D0,L856P,1,106,12.7
707,EPHA3_HUMAN_D0,C860Y,1,106,12.7
708,EPHA3_HUMAN_D0,W861S,1,106,12.7
709,EPHA3_HUMAN_D0,K863T,1,106,12.7
710,EPHA3_HUMAN_D0,P869T,1,106,12.7
711,EPHA3_HUMAN_D0,F871S,1,106,12.7
712,EPHA3_HUMAN_D0,Q873H,1,106,12.7
713,EPHA3_HUMAN_D0,L878M,1,106,12.7
714,EPHA3_HUMAN_D0,L881I,1,106,12.7
715,EPHB1_HUMAN_D0,D762N,9,217,26.0
716,EPHB1_HUMAN_D0,R691W,6,217,26.0
717,EPHB1_HUMAN_D0,R865W,4,217,26.0
718,EPHB1_HUMAN_D0,L640Q,3,217,26.0
719,EPHB1_HUMAN_D0,G642D,3,217,26.0
720,EPHB1_HUMAN_D0,K643N,3,217,26.0
721,EPHB1_HUMAN_D0,M732I,3,217,26.0
722,EPHB1_HUMAN_D0,R743W,3,217,26.0
723,EPHB1_HUMAN_D0,A797T,3,217,26.0
724,EPHB1_HUMAN_D0,A872V,3,217,26.0
725,EPHB1_HUMAN_D0,K620R,2,217,26.0
726,EPHB1_HUMAN_D0,Y657D,2,217,26.0
727,EPHB1_HUMAN_D0,R663Q,2,217,26.0
728,EPHB1_HUMAN_D0,N679K,2,217,26.0
729,EPHB1_HUMAN_D0,R682C,2,217,26.0
730,EPHB1_HUMAN_D0,R682L,2,217,26.0
731,EPHB1_HUMAN_D0,R691Q,2,217,26.0
732,EPHB1_HUMAN_D0,A704T,2,217,26.0
733,EPHB1_HUMAN_D0,S707Y,2,217,26.0
734,EPHB1_HUMAN_D0,Q715L,2,217,26.0
735,EPHB1_HUMAN_D0,R726M,2,217,26.0
736,EPHB1_HUMAN_D0,A736D,2,217,26.0
737,EPHB1_HUMAN_D0,M738I,2,217,26.0
738,EPHB1_HUMAN_D0,Y740H,2,217,26.0
739,EPHB1_HUMAN_D0,R743Q,2,217,26.0
740,EPHB1_HUMAN_D0,V752I,2,217,26.0
741,EPHB1_HUMAN_D0,N753S,2,217,26.0
742,EPHB1_HUMAN_D0,G764C,2,217,26.0
743,EPHB1_HUMAN_D0,R767C,2,217,26.0
744,EPHB1_HUMAN_D0,Y778F,2,217,26.0
745,EPHB1_HUMAN_D0,D806N,2,217,26.0
746,EPHB1_HUMAN_D0,G821R,2,217,26.0
747,EPHB1_HUMAN_D0,M857I,2,217,26.0
748,EPHB1_HUMAN_D0,D859E,2,217,26.0
749,EPHB1_HUMAN_D0,N876H,2,217,26.0
750,EPHB1_HUMAN_D0,I882F,2,217,26.0
751,EPHB1_HUMAN_D0,G626V,1,217,26.0
752,EPHB1_HUMAN_D0,R637C,1,217,26.0
753,EPHB1_HUMAN_D0,K643R,1,217,26.0
754,EPHB1_HUMAN_D0,K643Q,1,217,26.0
755,EPHB1_HUMAN_D0,I646M,1,217,26.0
756,EPHB1_HUMAN_D0,V648M,1,217,26.0
757,EPHB1_HUMAN_D0,V648L,1,217,26.0
758,EPHB1_HUMAN_D0,I650M,1,217,26.0
759,EPHB1_HUMAN_D0,A655S,1,217,26.0
760,EPHB1_HUMAN_D0,G656V,1,217,26.0
761,EPHB1_HUMAN_D0,S658L,1,217,26.0
762,EPHB1_HUMAN_D0,R662C,1,217,26.0
763,EPHB1_HUMAN_D0,R662H,1,217,26.0
764,EPHB1_HUMAN_D0,R663L,1,217,26.0
765,EPHB1_HUMAN_D0,L666Q,1,217,26.0
766,EPHB1_HUMAN_D0,A669V,1,217,26.0
767,EPHB1_HUMAN_D0,S670C,1,217,26.0
768,EPHB1_HUMAN_D0,P678L,1,217,26.0
769,EPHB1_HUMAN_D0,R682H,1,217,26.0
770,EPHB1_HUMAN_D0,E684Q,1,217,26.0
771,EPHB1_HUMAN_D0,G685C,1,217,26.0
772,EPHB1_HUMAN_D0,G685V,1,217,26.0
773,EPHB1_HUMAN_D0,K689N,1,217,26.0
774,EPHB1_HUMAN_D0,R691L,1,217,26.0
775,EPHB1_HUMAN_D0,M694I,1,217,26.0
776,EPHB1_HUMAN_D0,A704G,1,217,26.0
777,EPHB1_HUMAN_D0,D706N,1,217,26.0
778,EPHB1_HUMAN_D0,S707F,1,217,26.0
779,EPHB1_HUMAN_D0,N712T,1,217,26.0
780,EPHB1_HUMAN_D0,G714R,1,217,26.0
781,EPHB1_HUMAN_D0,F716L,1,217,26.0
782,EPHB1_HUMAN_D0,V718M,1,217,26.0
783,EPHB1_HUMAN_D0,I719V,1,217,26.0
784,EPHB1_HUMAN_D0,L721H,1,217,26.0
785,EPHB1_HUMAN_D0,L725I,1,217,26.0
786,EPHB1_HUMAN_D0,I728F,1,217,26.0
787,EPHB1_HUMAN_D0,G731R,1,217,26.0
788,EPHB1_HUMAN_D0,E737D,1,217,26.0
789,EPHB1_HUMAN_D0,H742N,1,217,26.0
790,EPHB1_HUMAN_D0,R743L,1,217,26.0
791,EPHB1_HUMAN_D0,A746D,1,217,26.0
792,EPHB1_HUMAN_D0,N749K,1,217,26.0
793,EPHB1_HUMAN_D0,C758Y,1,217,26.0
794,EPHB1_HUMAN_D0,S761F,1,217,26.0
795,EPHB1_HUMAN_D0,D762E,1,217,26.0
796,EPHB1_HUMAN_D0,S766F,1,217,26.0
797,EPHB1_HUMAN_D0,S766C,1,217,26.0
798,EPHB1_HUMAN_D0,R767L,1,217,26.0
799,EPHB1_HUMAN_D0,T773I,1,217,26.0
800,EPHB1_HUMAN_D0,S774L,1,217,26.0
801,EPHB1_HUMAN_D0,D775E,1,217,26.0
802,EPHB1_HUMAN_D0,T779N,1,217,26.0
803,EPHB1_HUMAN_D0,G784W,1,217,26.0
804,EPHB1_HUMAN_D0,V788L,1,217,26.0
805,EPHB1_HUMAN_D0,R789I,1,217,26.0
806,EPHB1_HUMAN_D0,E794D,1,217,26.0
807,EPHB1_HUMAN_D0,R799H,1,217,26.0
808,EPHB1_HUMAN_D0,R799C,1,217,26.0
809,EPHB1_HUMAN_D0,K800R,1,217,26.0
810,EPHB1_HUMAN_D0,V807I,1,217,26.0
811,EPHB1_HUMAN_D0,E816K,1,217,26.0
812,EPHB1_HUMAN_D0,R823K,1,217,26.0
813,EPHB1_HUMAN_D0,P824L,1,217,26.0
814,EPHB1_HUMAN_D0,Q831E,1,217,26.0
815,EPHB1_HUMAN_D0,Q831H,1,217,26.0
816,EPHB1_HUMAN_D0,E838K,1,217,26.0
817,EPHB1_HUMAN_D0,Q839H,1,217,26.0
818,EPHB1_HUMAN_D0,D840N,1,217,26.0
819,EPHB1_HUMAN_D0,P845T,1,217,26.0
820,EPHB1_HUMAN_D0,P846S,1,217,26.0
821,EPHB1_HUMAN_D0,M847I,1,217,26.0
822,EPHB1_HUMAN_D0,P850Q,1,217,26.0
823,EPHB1_HUMAN_D0,A852S,1,217,26.0
824,EPHB1_HUMAN_D0,P869H,1,217,26.0
825,EPHB1_HUMAN_D0,P869T,1,217,26.0
826,EPHB1_HUMAN_D0,R870Q,1,217,26.0
827,EPHB1_HUMAN_D0,E873D,1,217,26.0
828,EPHB1_HUMAN_D0,M881V,1,217,26.0
829,EPHB2_HUMAN_D0,G874S,5,188,22.6
830,EPHB2_HUMAN_D0,R825Q,3,188,22.6
831,EPHB2_HUMAN_D0,A854T,3,188,22.6
832,EPHB2_HUMAN_D0,R665Q,2,188,22.6
833,EPHB2_HUMAN_D0,A731T,2,188,22.6
834,EPHB2_HUMAN_D0,D808N,2,188,22.6
835,EPHB2_HUMAN_D0,M816V,2,188,22.6
836,EPHB2_HUMAN_D0,N832S,2,188,22.6
837,EPHB2_HUMAN_D0,A838G,2,188,22.6
838,EPHB2_HUMAN_D0,I839M,2,188,22.6
839,EPHB2_HUMAN_D0,D861N,2,188,22.6
840,EPHB2_HUMAN_D0,I876M,2,188,22.6
841,EPHB2_HUMAN_D0,S637N,1,188,22.6
842,EPHB2_HUMAN_D0,T654M,1,188,22.6
843,EPHB2_HUMAN_D0,Q663H,1,188,22.6
844,EPHB2_HUMAN_D0,R664C,1,188,22.6
845,EPHB2_HUMAN_D0,R664L,1,188,22.6
846,EPHB2_HUMAN_D0,E670K,1,188,22.6
847,EPHB2_HUMAN_D0,V682I,1,188,22.6
848,EPHB2_HUMAN_D0,E686K,1,188,22.6
849,EPHB2_HUMAN_D0,G687D,1,188,22.6
850,EPHB2_HUMAN_D0,V689M,1,188,22.6
851,EPHB2_HUMAN_D0,M696I,1,188,22.6
852,EPHB2_HUMAN_D0,T699I,1,188,22.6
853,EPHB2_HUMAN_D0,E700K,1,188,22.6
854,EPHB2_HUMAN_D0,M702K,1,188,22.6
855,EPHB2_HUMAN_D0,M702I,1,188,22.6
856,EPHB2_HUMAN_D0,S709F,1,188,22.6
857,EPHB2_HUMAN_D0,R712W,1,188,22.6
858,EPHB2_HUMAN_D0,R712Q,1,188,22.6
859,EPHB2_HUMAN_D0,D715N,1,188,22.6
860,EPHB2_HUMAN_D0,M734V,1,188,22.6
861,EPHB2_HUMAN_D0,R745P,1,188,22.6
862,EPHB2_HUMAN_D0,R745S,1,188,22.6
863,EPHB2_HUMAN_D0,D746N,1,188,22.6
864,EPHB2_HUMAN_D0,R750C,1,188,22.6
865,EPHB2_HUMAN_D0,S782R,1,188,22.6
866,EPHB2_HUMAN_D0,P789S,1,188,22.6
867,EPHB2_HUMAN_D0,A797V,1,188,22.6
868,EPHB2_HUMAN_D0,G823W,1,188,22.6
869,EPHB2_HUMAN_D0,I839T,1,188,22.6
870,EPHB2_HUMAN_D0,E840K,1,188,22.6
871,EPHB2_HUMAN_D0,Y843C,1,188,22.6
872,EPHB2_HUMAN_D0,R844Q,1,188,22.6
873,EPHB2_HUMAN_D0,R867H,1,188,22.6
874,EPHB2_HUMAN_D0,R867C,1,188,22.6
875,EPHB3_HUMAN_D0,R724Q,5,13,1.6
876,EPHB3_HUMAN_D0,R649P,2,13,1.6
877,EPHB3_HUMAN_D0,S704I,2,13,1.6
878,EPHB3_HUMAN_D0,I709L,2,13,1.6
879,EPHB3_HUMAN_D0,A718S,2,13,1.6
880,EPHB3_HUMAN_D0,N726K,2,13,1.6
881,EPHB3_HUMAN_D0,M738L,2,13,1.6
882,EPHB3_HUMAN_D0,L739F,2,13,1.6
883,EPHB3_HUMAN_D0,L749M,2,13,1.6
884,EPHB3_HUMAN_D0,M752I,2,13,1.6
885,EPHB3_HUMAN_D0,D758G,2,13,1.6
886,EPHB3_HUMAN_D0,D789N,2,13,1.6
887,EPHB3_HUMAN_D0,S795F,2,13,1.6
888,EPHB3_HUMAN_D0,R813W,2,13,1.6
889,EPHB3_HUMAN_D0,S817F,2,13,1.6
890,EPHB3_HUMAN_D0,R877Q,2,13,1.6
891,EPHB3_HUMAN_D0,K894E,2,13,1.6
892,EPHB3_HUMAN_D0,K634N,1,13,1.6
893,EPHB3_HUMAN_D0,G656V,1,13,1.6
894,EPHB3_HUMAN_D0,E673K,1,13,1.6
895,EPHB3_HUMAN_D0,R677L,1,13,1.6
896,EPHB3_HUMAN_D0,A683T,1,13,1.6
897,EPHB3_HUMAN_D0,R696W,1,13,1.6
898,EPHB3_HUMAN_D0,V701F,1,13,1.6
899,EPHB3_HUMAN_D0,R705W,1,13,1.6
900,EPHB3_HUMAN_D0,L710P,1,13,1.6
901,EPHB3_HUMAN_D0,R724W,1,13,1.6
902,EPHB3_HUMAN_D0,L749Q,1,13,1.6
903,EPHB3_HUMAN_D0,S775L,1,13,1.6
904,EPHB3_HUMAN_D0,P787S,1,13,1.6
905,EPHB3_HUMAN_D0,S788F,1,13,1.6
906,EPHB3_HUMAN_D0,G798W,1,13,1.6
907,EPHB3_HUMAN_D0,A811T,1,13,1.6
908,EPHB3_HUMAN_D0,S819T,1,13,1.6
909,EPHB3_HUMAN_D0,D820N,1,13,1.6
910,EPHB3_HUMAN_D0,Q853R,1,13,1.6
911,EPHB3_HUMAN_D0,P859S,1,13,1.6
912,EPHB3_HUMAN_D0,L870I,1,13,1.6
913,EPHB3_HUMAN_D0,V876G,1,13,1.6
914,EPHB3_HUMAN_D0,R879Q,1,13,1.6
915,EPHB3_HUMAN_D0,L881H,1,13,1.6
916,EPHB3_HUMAN_D0,D893N,1,13,1.6
917,FAK2_HUMAN_D0,L431I,4,2,0.2
918,FAK2_HUMAN_D0,R643W,3,2,0.2
919,FAK2_HUMAN_D0,R671C,3,2,0.2
920,FAK2_HUMAN_D0,V426I,2,2,0.2
921,FAK2_HUMAN_D0,E438Q,2,2,0.2
922,FAK2_HUMAN_D0,G491D,2,2,0.2
923,FAK2_HUMAN_D0,P506S,2,2,0.2
924,FAK2_HUMAN_D0,Y507C,2,2,0.2
925,FAK2_HUMAN_D0,M537I,2,2,0.2
926,FAK2_HUMAN_D0,H547P,2,2,0.2
927,FAK2_HUMAN_D0,E561Q,2,2,0.2
928,FAK2_HUMAN_D0,L565M,2,2,0.2
929,FAK2_HUMAN_D0,D567G,2,2,0.2
930,FAK2_HUMAN_D0,S606N,2,2,0.2
931,FAK2_HUMAN_D0,V608I,2,2,0.2
932,FAK2_HUMAN_D0,F611S,2,2,0.2
933,FAK2_HUMAN_D0,A612T,2,2,0.2
934,FAK2_HUMAN_D0,E639Q,2,2,0.2
935,FAK2_HUMAN_D0,Y664C,2,2,0.2
936,FAK2_HUMAN_D0,D665G,2,2,0.2
937,FAK2_HUMAN_D0,Y440C,1,2,0.2
938,FAK2_HUMAN_D0,E474Q,1,2,0.2
939,FAK2_HUMAN_D0,E494K,1,2,0.2
940,FAK2_HUMAN_D0,E496G,1,2,0.2
941,FAK2_HUMAN_D0,S559F,1,2,0.2
942,FAK2_HUMAN_D0,C562G,1,2,0.2
943,FAK2_HUMAN_D0,L570P,1,2,0.2
944,FAK2_HUMAN_D0,L570F,1,2,0.2
945,FAK2_HUMAN_D0,S571F,1,2,0.2
946,FAK2_HUMAN_D0,R572W,1,2,0.2
947,FAK2_HUMAN_D0,E577K,1,2,0.2
948,FAK2_HUMAN_D0,P588S,1,2,0.2
949,FAK2_HUMAN_D0,T603M,1,2,0.2
950,FAK2_HUMAN_D0,S606I,1,2,0.2
951,FAK2_HUMAN_D0,G636R,1,2,0.2
952,FAK2_HUMAN_D0,R660H,1,2,0.2
953,FAK2_HUMAN_D0,P666S,1,2,0.2
954,FAK2_HUMAN_D0,T673I,1,2,0.2
955,FES_HUMAN_D0,A588V,4,330,39.5
956,FES_HUMAN_D0,R770L,3,330,39.5
957,FES_HUMAN_D0,R579C,2,330,39.5
958,FES_HUMAN_D0,E594Q,2,330,39.5
959,FES_HUMAN_D0,R621H,2,330,39.5
960,FES_HUMAN_D0,V625F,2,330,39.5
961,FES_HUMAN_D0,D683E,2,330,39.5
962,FES_HUMAN_D0,L684P,2,330,39.5
963,FES_HUMAN_D0,N695H,2,330,39.5
964,FES_HUMAN_D0,W726L,2,330,39.5
965,FES_HUMAN_D0,R736H,2,330,39.5
966,FES_HUMAN_D0,Y737C,2,330,39.5
967,FES_HUMAN_D0,F772L,2,330,39.5
968,FES_HUMAN_D0,A788V,2,330,39.5
969,FES_HUMAN_D0,R818Q,2,330,39.5
970,FES_HUMAN_D0,V562L,1,330,39.5
971,FES_HUMAN_D0,R569L,1,330,39.5
972,FES_HUMAN_D0,R581Q,1,330,39.5
973,FES_HUMAN_D0,A582V,1,330,39.5
974,FES_HUMAN_D0,R649C,1,330,39.5
975,FES_HUMAN_D0,R656Q,1,330,39.5
976,FES_HUMAN_D0,G665V,1,330,39.5
977,FES_HUMAN_D0,Y673H,1,330,39.5
978,FES_HUMAN_D0,I680M,1,330,39.5
979,FES_HUMAN_D0,R687Q,1,330,39.5
980,FES_HUMAN_D0,G703E,1,330,39.5
981,FES_HUMAN_D0,A709V,1,330,39.5
982,FES_HUMAN_D0,A714T,1,330,39.5
983,FES_HUMAN_D0,G717V,1,330,39.5
984,FES_HUMAN_D0,R720I,1,330,39.5
985,FES_HUMAN_D0,R736C,1,330,39.5
986,FES_HUMAN_D0,V743M,1,330,39.5
987,FES_HUMAN_D0,P782Q,1,330,39.5
988,FES_HUMAN_D0,P786L,1,330,39.5
989,FES_HUMAN_D0,E813D,1,330,39.5
990,FGFR1_HUMAN_D0,N577K,6,46,5.6
991,FGFR1_HUMAN_D0,K687E,3,46,5.6
992,FGFR1_HUMAN_D0,S478L,1,46,5.6
993,FGFR1_HUMAN_D0,T485N,1,46,5.6
994,FGFR1_HUMAN_D0,L504Q,1,46,5.6
995,FGFR1_HUMAN_D0,R506Q,1,46,5.6
996,FGFR1_HUMAN_D0,P514L,1,46,5.6
997,FGFR1_HUMAN_D0,V523L,1,46,5.6
998,FGFR1_HUMAN_D0,S549L,1,46,5.6
999,FGFR1_HUMAN_D0,A551T,1,46,5.6
1000,FGFR1_HUMAN_D0,M566I,1,46,5.6
1001,FGFR1_HUMAN_D0,K573N,1,46,5.6
1002,FGFR1_HUMAN_D0,I575T,1,46,5.6
1003,FGFR1_HUMAN_D0,D585H,1,46,5.6
1004,FGFR1_HUMAN_D0,A606V,1,46,5.6
1005,FGFR1_HUMAN_D0,S628F,1,46,5.6
1006,FGFR1_HUMAN_D0,A639D,1,46,5.6
1007,FGFR1_HUMAN_D0,L645V,1,46,5.6
1008,FGFR1_HUMAN_D0,V660I,1,46,5.6
1009,FGFR1_HUMAN_D0,E664K,1,46,5.6
1010,FGFR1_HUMAN_D0,R692Q,1,46,5.6
1011,FGFR1_HUMAN_D0,K696R,1,46,5.6
1012,FGFR1_HUMAN_D0,P733T,1,46,5.6
1013,FGFR1_HUMAN_D0,E739K,1,46,5.6
1014,FGFR1_HUMAN_D0,E739D,1,46,5.6
1015,FGFR1_HUMAN_D0,K742E,1,46,5.6
1016,FGFR1_HUMAN_D0,H748Y,1,46,5.6
1017,FGFR1_HUMAN_D0,R749S,1,46,5.6
1018,FGFR1_HUMAN_D0,E759D,1,46,5.6
1019,FGFR1_HUMAN_D0,R765Q,1,46,5.6
1020,FGFR1_HUMAN_D0,D766N,1,46,5.6
1021,FGFR3_HUMAN_D0,K650E,7,17,2.1
1022,FGFR3_HUMAN_D0,V754M,4,17,2.1
1023,FGFR3_HUMAN_D0,M528I,3,17,2.1
1024,FGFR3_HUMAN_D0,R603Q,3,17,2.1
1025,FGFR3_HUMAN_D0,D513N,2,17,2.1
1026,FGFR3_HUMAN_D0,A569V,2,17,2.1
1027,FGFR3_HUMAN_D0,C582F,2,17,2.1
1028,FGFR3_HUMAN_D0,V630M,2,17,2.1
1029,FGFR3_HUMAN_D0,G637W,2,17,2.1
1030,FGFR3_HUMAN_D0,V677I,2,17,2.1
1031,FGFR3_HUMAN_D0,K715M,2,17,2.1
1032,FGFR3_HUMAN_D0,P716H,2,17,2.1
1033,FGFR3_HUMAN_D0,S756P,2,17,2.1
1034,FGFR3_HUMAN_D0,V487A,1,17,2.1
1035,FGFR3_HUMAN_D0,E490K,1,17,2.1
1036,FGFR3_HUMAN_D0,A491T,1,17,2.1
1037,FGFR3_HUMAN_D0,K501M,1,17,2.1
1038,FGFR3_HUMAN_D0,A506T,1,17,2.1
1039,FGFR3_HUMAN_D0,E527K,1,17,2.1
1040,FGFR3_HUMAN_D0,M529I,1,17,2.1
1041,FGFR3_HUMAN_D0,I532V,1,17,2.1
1042,FGFR3_HUMAN_D0,P550H,1,17,2.1
1043,FGFR3_HUMAN_D0,A559T,1,17,2.1
1044,FGFR3_HUMAN_D0,G561A,1,17,2.1
1045,FGFR3_HUMAN_D0,L563V,1,17,2.1
1046,FGFR3_HUMAN_D0,R571Q,1,17,2.1
1047,FGFR3_HUMAN_D0,D576N,1,17,2.1
1048,FGFR3_HUMAN_D0,S578C,1,17,2.1
1049,FGFR3_HUMAN_D0,V601L,1,17,2.1
1050,FGFR3_HUMAN_D0,L608V,1,17,2.1
1051,FGFR3_HUMAN_D0,L608M,1,17,2.1
1052,FGFR3_HUMAN_D0,A609V,1,17,2.1
1053,FGFR3_HUMAN_D0,R616G,1,17,2.1
1054,FGFR3_HUMAN_D0,R621H,1,17,2.1
1055,FGFR3_HUMAN_D0,A639S,1,17,2.1
1056,FGFR3_HUMAN_D0,R640W,1,17,2.1
1057,FGFR3_HUMAN_D0,K650N,1,17,2.1
1058,FGFR3_HUMAN_D0,K650T,1,17,2.1
1059,FGFR3_HUMAN_D0,K650M,1,17,2.1
1060,FGFR3_HUMAN_D0,T652I,1,17,2.1
1061,FGFR3_HUMAN_D0,R669Q,1,17,2.1
1062,FGFR3_HUMAN_D0,D676E,1,17,2.1
1063,FGFR3_HUMAN_D0,S679F,1,17,2.1
1064,FGFR3_HUMAN_D0,V682L,1,17,2.1
1065,FGFR3_HUMAN_D0,E686K,1,17,2.1
1066,FGFR3_HUMAN_D0,T689M,1,17,2.1
1067,FGFR3_HUMAN_D0,S693A,1,17,2.1
1068,FGFR3_HUMAN_D0,P696L,1,17,2.1
1069,FGFR3_HUMAN_D0,P699H,1,17,2.1
1070,FGFR3_HUMAN_D0,V700A,1,17,2.1
1071,FGFR3_HUMAN_D0,E709K,1,17,2.1
1072,FGFR3_HUMAN_D0,H711N,1,17,2.1
1073,FGFR3_HUMAN_D0,R712H,1,17,2.1
1074,FGFR3_HUMAN_D0,D714N,1,17,2.1
1075,FGFR3_HUMAN_D0,N718S,1,17,2.1
1076,FGFR3_HUMAN_D0,Y724H,1,17,2.1
1077,FGFR3_HUMAN_D0,M725I,1,17,2.1
1078,FGFR3_HUMAN_D0,R728Q,1,17,2.1
1079,FGFR3_HUMAN_D0,H732Y,1,17,2.1
1080,FGFR3_HUMAN_D0,P735T,1,17,2.1
1081,FGFR3_HUMAN_D0,Q737P,1,17,2.1
1082,FGFR3_HUMAN_D0,P739L,1,17,2.1
1083,FGFR3_HUMAN_D0,D747N,1,17,2.1
1084,FGFR3_HUMAN_D0,R750C,1,17,2.1
1085,FGFR3_HUMAN_D0,R750L,1,17,2.1
1086,FGFR3_HUMAN_D0,L752F,1,17,2.1
1087,GAK_HUMAN_D0,I292T,11,485,58.2
1088,GAK_HUMAN_D0,S144L,3,485,58.2
1089,GAK_HUMAN_D0,F88L,2,485,58.2
1090,GAK_HUMAN_D0,E110V,2,485,58.2
1091,GAK_HUMAN_D0,K150E,2,485,58.2
1092,GAK_HUMAN_D0,L179V,2,485,58.2
1093,GAK_HUMAN_D0,F258I,2,485,58.2
1094,GAK_HUMAN_D0,Y276C,2,485,58.2
1095,GAK_HUMAN_D0,D59H,1,485,58.2
1096,GAK_HUMAN_D0,E85K,1,485,58.2
1097,GAK_HUMAN_D0,Q165K,1,485,58.2
1098,GAK_HUMAN_D0,N183T,1,485,58.2
1099,GAK_HUMAN_D0,Q209K,1,485,58.2
1100,GAK_HUMAN_D0,L213V,1,485,58.2
1101,GAK_HUMAN_D0,R220S,1,485,58.2
1102,GAK_HUMAN_D0,E264K,1,485,58.2
1103,GAK_HUMAN_D0,A267V,1,485,58.2
1104,GAK_HUMAN_D0,R270Q,1,485,58.2
1105,HASP_HUMAN_D0,R648Q,3,17,2.1
1106,HASP_HUMAN_D0,L669I,2,17,2.1
1107,HASP_HUMAN_D0,R692C,2,17,2.1
1108,HASP_HUMAN_D0,D714H,2,17,2.1
1109,HASP_HUMAN_D0,K771R,2,17,2.1
1110,HASP_HUMAN_D0,M781I,2,17,2.1
1111,HASP_HUMAN_D0,G491A,1,17,2.1
1112,HASP_HUMAN_D0,E492D,1,17,2.1
1113,HASP_HUMAN_D0,H505Y,1,17,2.1
1114,HASP_HUMAN_D0,A509V,1,17,2.1
1115,HASP_HUMAN_D0,I510M,1,17,2.1
1116,HASP_HUMAN_D0,T528S,1,17,2.1
1117,HASP_HUMAN_D0,E530Q,1,17,2.1
1118,HASP_HUMAN_D0,S539P,1,17,2.1
1119,HASP_HUMAN_D0,R552H,1,17,2.1
1120,HASP_HUMAN_D0,R552C,1,17,2.1
1121,HASP_HUMAN_D0,G558R,1,17,2.1
1122,HASP_HUMAN_D0,H579Q,1,17,2.1
1123,HASP_HUMAN_D0,R590L,1,17,2.1
1124,HASP_HUMAN_D0,L603V,1,17,2.1
1125,HASP_HUMAN_D0,E604Q,1,17,2.1
1126,HASP_HUMAN_D0,S620P,1,17,2.1
1127,HASP_HUMAN_D0,A637T,1,17,2.1
1128,HASP_HUMAN_D0,E646Q,1,17,2.1
1129,HASP_HUMAN_D0,G671R,1,17,2.1
1130,HASP_HUMAN_D0,G680W,1,17,2.1
1131,HASP_HUMAN_D0,T689P,1,17,2.1
1132,HASP_HUMAN_D0,R692H,1,17,2.1
1133,HASP_HUMAN_D0,E708Q,1,17,2.1
1134,HASP_HUMAN_D0,Y722C,1,17,2.1
1135,HASP_HUMAN_D0,C762Y,1,17,2.1
1136,HASP_HUMAN_D0,M781V,1,17,2.1
1137,HASP_HUMAN_D0,L796M,1,17,2.1
1138,KAPCA_HUMAN_D0,L83P,4,7,0.9
1139,KAPCA_HUMAN_D0,P102L,3,7,0.9
1140,KAPCA_HUMAN_D0,R46Q,2,7,0.9
1141,KAPCA_HUMAN_D0,R94C,2,7,0.9
1142,KAPCA_HUMAN_D0,F109L,2,7,0.9
1143,KAPCA_HUMAN_D0,S110F,2,7,0.9
1144,KAPCA_HUMAN_D0,V124M,2,7,0.9
1145,KAPCA_HUMAN_D0,R145H,2,7,0.9
1146,KAPCA_HUMAN_D0,R191C,2,7,0.9
1147,KAPCA_HUMAN_D0,W197G,2,7,0.9
1148,KAPCA_HUMAN_D0,S213R,2,7,0.9
1149,KAPCA_HUMAN_D0,W222C,2,7,0.9
1150,KAPCA_HUMAN_D0,P244L,2,7,0.9
1151,KAPCA_HUMAN_D0,R271W,2,7,0.9
1152,KAPCA_HUMAN_D0,G56W,1,7,0.9
1153,KAPCA_HUMAN_D0,G67W,1,7,0.9
1154,KAPCA_HUMAN_D0,K77E,1,7,0.9
1155,KAPCA_HUMAN_D0,R94H,1,7,0.9
1156,KAPCA_HUMAN_D0,L104F,1,7,0.9
1157,KAPCA_HUMAN_D0,E108Q,1,7,0.9
1158,KAPCA_HUMAN_D0,G126S,1,7,0.9
1159,KAPCA_HUMAN_D0,G126C,1,7,0.9
1160,KAPCA_HUMAN_D0,E128Q,1,7,0.9
1161,KAPCA_HUMAN_D0,M129I,1,7,0.9
1162,KAPCA_HUMAN_D0,R135Q,1,7,0.9
1163,KAPCA_HUMAN_D0,I136N,1,7,0.9
1164,KAPCA_HUMAN_D0,F139S,1,7,0.9
1165,KAPCA_HUMAN_D0,A148T,1,7,0.9
1166,KAPCA_HUMAN_D0,Q150H,1,7,0.9
1167,KAPCA_HUMAN_D0,W197R,1,7,0.9
1168,KAPCA_HUMAN_D0,W197L,1,7,0.9
1169,KAPCA_HUMAN_D0,A207V,1,7,0.9
1170,KAPCA_HUMAN_D0,P208S,1,7,0.9
1171,KAPCA_HUMAN_D0,A219V,1,7,0.9
1172,KAPCA_HUMAN_D0,W223L,1,7,0.9
1173,KAPCA_HUMAN_D0,P237L,1,7,0.9
1174,KAPCA_HUMAN_D0,I245T,1,7,0.9
1175,KAPCA_HUMAN_D0,K267Q,1,7,0.9
1176,KAPCA_HUMAN_D0,L269Q,1,7,0.9
1177,KAPCA_HUMAN_D0,N284D,1,7,0.9
1178,KAPCA_HUMAN_D0,D291E,1,7,0.9
1179,KC1D_HUMAN_D0,A36V,4,28,3.3
1180,KC1D_HUMAN_D0,E247K,4,28,3.3
1181,KC1D_HUMAN_D0,R168H,3,28,3.3
1182,KC1D_HUMAN_D0,T67I,2,28,3.3
1183,KC1D_HUMAN_D0,E90D,2,28,3.3
1184,KC1D_HUMAN_D0,L92I,2,28,3.3
1185,KC1D_HUMAN_D0,R98M,2,28,3.3
1186,KC1D_HUMAN_D0,R127L,2,28,3.3
1187,KC1D_HUMAN_D0,F150L,2,28,3.3
1188,KC1D_HUMAN_D0,D158Y,2,28,3.3
1189,KC1D_HUMAN_D0,R160P,2,28,3.3
1190,KC1D_HUMAN_D0,Q163H,2,28,3.3
1191,KC1D_HUMAN_D0,I165T,2,28,3.3
1192,KC1D_HUMAN_D0,R256C,2,28,3.3
1193,KC1D_HUMAN_D0,R259C,2,28,3.3
1194,KC1D_HUMAN_D0,S19F,1,28,3.3
1195,KC1D_HUMAN_D0,H46Q,1,28,3.3
1196,KC1D_HUMAN_D0,P47T,1,28,3.3
1197,KC1D_HUMAN_D0,S97C,1,28,3.3
1198,KC1D_HUMAN_D0,R115H,1,28,3.3
1199,KC1D_HUMAN_D0,E117K,1,28,3.3
1200,KC1D_HUMAN_D0,N123S,1,28,3.3
1201,KC1D_HUMAN_D0,H126Y,1,28,3.3
1202,KC1D_HUMAN_D0,P131S,1,28,3.3
1203,KC1D_HUMAN_D0,I148M,1,28,3.3
1204,KC1D_HUMAN_D0,R160H,1,28,3.3
1205,KC1D_HUMAN_D0,R160S,1,28,3.3
1206,KC1D_HUMAN_D0,R178W,1,28,3.3
1207,KC1D_HUMAN_D0,D194N,1,28,3.3
1208,KC1D_HUMAN_D0,C241R,1,28,3.3
1209,KC1D_HUMAN_D0,Y251C,1,28,3.3
1210,KC1D_HUMAN_D0,L252P,1,28,3.3
1211,KC1D_HUMAN_D0,D261H,1,28,3.3
1212,KC1D_HUMAN_D0,L272F,1,28,3.3
1213,KC1G1_HUMAN_D0,Q83R,5,256,30.7
1214,KC1G1_HUMAN_D0,R134Q,3,256,30.7
1215,KC1G1_HUMAN_D0,R308W,3,256,30.7
1216,KC1G1_HUMAN_D0,L125S,2,256,30.7
1217,KC1G1_HUMAN_D0,T135I,2,256,30.7
1218,KC1G1_HUMAN_D0,S157L,2,256,30.7
1219,KC1G1_HUMAN_D0,L160I,2,256,30.7
1220,KC1G1_HUMAN_D0,E168D,2,256,30.7
1221,KC1G1_HUMAN_D0,F170V,2,256,30.7
1222,KC1G1_HUMAN_D0,E198K,2,256,30.7
1223,KC1G1_HUMAN_D0,R230W,2,256,30.7
1224,KC1G1_HUMAN_D0,P283L,2,256,30.7
1225,KC1G1_HUMAN_D0,G56E,1,256,30.7
1226,KC1G1_HUMAN_D0,L60S,1,256,30.7
1227,KC1G1_HUMAN_D0,I77V,1,256,30.7
1228,KC1G1_HUMAN_D0,S79L,1,256,30.7
1229,KC1G1_HUMAN_D0,H85N,1,256,30.7
1230,KC1G1_HUMAN_D0,L94F,1,256,30.7
1231,KC1G1_HUMAN_D0,V104M,1,256,30.7
1232,KC1G1_HUMAN_D0,G176D,1,256,30.7
1233,KC1G1_HUMAN_D0,G189A,1,256,30.7
1234,KC1G1_HUMAN_D0,R231T,1,256,30.7
1235,KC1G1_HUMAN_D0,L249V,1,256,30.7
1236,KC1G1_HUMAN_D0,P274A,1,256,30.7
1237,KC1G1_HUMAN_D0,R291Q,1,256,30.7
1238,KC1G1_HUMAN_D0,R295Q,1,256,30.7
1239,KC1G2_HUMAN_D0,G55C,2,57,6.9
1240,KC1G2_HUMAN_D0,L132R,2,57,6.9
1241,KC1G2_HUMAN_D0,I187M,2,57,6.9
1242,KC1G2_HUMAN_D0,I204T,2,57,6.9
1243,KC1G2_HUMAN_D0,P205L,2,57,6.9
1244,KC1G2_HUMAN_D0,R263W,2,57,6.9
1245,KC1G2_HUMAN_D0,R296C,2,57,6.9
1246,KC1G2_HUMAN_D0,Y305C,2,57,6.9
1247,KC1G2_HUMAN_D0,R47C,1,57,6.9
1248,KC1G2_HUMAN_D0,Y71H,1,57,6.9
1249,KC1G2_HUMAN_D0,Y114H,1,57,6.9
1250,KC1G2_HUMAN_D0,M153I,1,57,6.9
1251,KC1G2_HUMAN_D0,Y155C,1,57,6.9
1252,KC1G2_HUMAN_D0,G177E,1,57,6.9
1253,KC1G2_HUMAN_D0,D197N,1,57,6.9
1254,KC1G2_HUMAN_D0,P205T,1,57,6.9
1255,KC1G2_HUMAN_D0,T215A,1,57,6.9
1256,KC1G2_HUMAN_D0,R217H,1,57,6.9
1257,KC1G2_HUMAN_D0,K256N,1,57,6.9
1258,KC1G2_HUMAN_D0,R263Q,1,57,6.9
1259,KC1G2_HUMAN_D0,K266R,1,57,6.9
1260,KC1G2_HUMAN_D0,R292H,1,57,6.9
1261,KC1G2_HUMAN_D0,D304N,1,57,6.9
1262,KC1G2_HUMAN_D0,R309W,1,57,6.9
1263,KC1G3_HUMAN_D0,Y301H,3,422,50.7
1264,KC1G3_HUMAN_D0,G52C,2,422,50.7
1265,KC1G3_HUMAN_D0,G52D,2,422,50.7
1266,KC1G3_HUMAN_D0,G94V,2,422,50.7
1267,KC1G3_HUMAN_D0,G98V,2,422,50.7
1268,KC1G3_HUMAN_D0,N112S,2,422,50.7
1269,KC1G3_HUMAN_D0,S135Y,2,422,50.7
1270,KC1G3_HUMAN_D0,I147V,2,422,50.7
1271,KC1G3_HUMAN_D0,H154N,2,422,50.7
1272,KC1G3_HUMAN_D0,E166D,2,422,50.7
1273,KC1G3_HUMAN_D0,D185Y,2,422,50.7
1274,KC1G3_HUMAN_D0,L188S,2,422,50.7
1275,KC1G3_HUMAN_D0,H237N,2,422,50.7
1276,KC1G3_HUMAN_D0,K253N,2,422,50.7
1277,KC1G3_HUMAN_D0,Q262H,2,422,50.7
1278,KC1G3_HUMAN_D0,R292G,2,422,50.7
1279,KC1G3_HUMAN_D0,D294A,2,422,50.7
1280,KC1G3_HUMAN_D0,L59I,1,422,50.7
1281,KC1G3_HUMAN_D0,L63V,1,422,50.7
1282,KC1G3_HUMAN_D0,Y64F,1,422,50.7
1283,KC1G3_HUMAN_D0,L93F,1,422,50.7
1284,KC1G3_HUMAN_D0,Q101E,1,422,50.7
1285,KC1G3_HUMAN_D0,V102I,1,422,50.7
1286,KC1G3_HUMAN_D0,M141T,1,422,50.7
1287,KC1G3_HUMAN_D0,M150R,1,422,50.7
1288,KC1G3_HUMAN_D0,E151D,1,422,50.7
1289,KC1G3_HUMAN_D0,G171R,1,422,50.7
1290,KC1G3_HUMAN_D0,Q179H,1,422,50.7
1291,KC1G3_HUMAN_D0,A189V,1,422,50.7
1292,KC1G3_HUMAN_D0,K198N,1,422,50.7
1293,KC1G3_HUMAN_D0,L209F,1,422,50.7
1294,KC1G3_HUMAN_D0,G211E,1,422,50.7
1295,KC1G3_HUMAN_D0,L247F,1,422,50.7
1296,KC1G3_HUMAN_D0,P248S,1,422,50.7
1297,KC1G3_HUMAN_D0,G251D,1,422,50.7
1298,KC1G3_HUMAN_D0,K263N,1,422,50.7
1299,KC1G3_HUMAN_D0,P272Q,1,422,50.7
1300,KC1G3_HUMAN_D0,A284V,1,422,50.7
1301,KC1G3_HUMAN_D0,P299T,1,422,50.7
1302,KC1G3_HUMAN_D0,L307I,1,422,50.7
1303,KCC1G_HUMAN_D0,R112W,3,2,0.2
1304,KCC1G_HUMAN_D0,R61W,2,2,0.2
1305,KCC1G_HUMAN_D0,A70V,2,2,0.2
1306,KCC1G_HUMAN_D0,T82A,2,2,0.2
1307,KCC1G_HUMAN_D0,M161T,2,2,0.2
1308,KCC1G_HUMAN_D0,F228L,2,2,0.2
1309,KCC1G_HUMAN_D0,E229K,2,2,0.2
1310,KCC1G_HUMAN_D0,E237D,2,2,0.2
1311,KCC1G_HUMAN_D0,E27K,1,2,0.2
1312,KCC1G_HUMAN_D0,S31L,1,2,0.2
1313,KCC1G_HUMAN_D0,G32E,1,2,0.2
1314,KCC1G_HUMAN_D0,K47N,1,2,0.2
1315,KCC1G_HUMAN_D0,S57L,1,2,0.2
1316,KCC1G_HUMAN_D0,M97V,1,2,0.2
1317,KCC1G_HUMAN_D0,S101F,1,2,0.2
1318,KCC1G_HUMAN_D0,G103E,1,2,0.2
1319,KCC1G_HUMAN_D0,R108W,1,2,0.2
1320,KCC1G_HUMAN_D0,R108Q,1,2,0.2
1321,KCC1G_HUMAN_D0,R112Q,1,2,0.2
1322,KCC1G_HUMAN_D0,D119N,1,2,0.2
1323,KCC1G_HUMAN_D0,A120V,1,2,0.2
1324,KCC1G_HUMAN_D0,S129L,1,2,0.2
1325,KCC1G_HUMAN_D0,N137I,1,2,0.2
1326,KCC1G_HUMAN_D0,D143N,1,2,0.2
1327,KCC1G_HUMAN_D0,E147K,1,2,0.2
1328,KCC1G_HUMAN_D0,M161I,1,2,0.2
1329,KCC1G_HUMAN_D0,S197N,1,2,0.2
1330,KCC1G_HUMAN_D0,S204F,1,2,0.2
1331,KCC1G_HUMAN_D0,G206S,1,2,0.2
1332,KCC1G_HUMAN_D0,V207I,1,2,0.2
1333,KCC1G_HUMAN_D0,P217S,1,2,0.2
1334,KCC1G_HUMAN_D0,S225C,1,2,0.2
1335,KCC1G_HUMAN_D0,E233K,1,2,0.2
1336,KCC1G_HUMAN_D0,Y236C,1,2,0.2
1337,KCC1G_HUMAN_D0,Y236H,1,2,0.2
1338,KCC1G_HUMAN_D0,S249L,1,2,0.2
1339,KCC1G_HUMAN_D0,D252E,1,2,0.2
1340,KCC1G_HUMAN_D0,E264K,1,2,0.2
1341,KCC1G_HUMAN_D0,R265Q,1,2,0.2
1342,KCC1G_HUMAN_D0,T267N,1,2,0.2
1343,KCC1G_HUMAN_D0,S273I,1,2,0.2
1344,KCC1G_HUMAN_D0,H274Y,1,2,0.2
1345,KCC2A_HUMAN_D0,S25L,3,2,0.2
1346,KCC2A_HUMAN_D0,S234L,3,2,0.2
1347,KCC2A_HUMAN_D0,E17K,2,2,0.2
1348,KCC2A_HUMAN_D0,F24L,2,2,0.2
1349,KCC2A_HUMAN_D0,D53N,2,2,0.2
1350,KCC2A_HUMAN_D0,I119M,2,2,0.2
1351,KCC2A_HUMAN_D0,G130W,2,2,0.2
1352,KCC2A_HUMAN_D0,A174E,2,2,0.2
1353,KCC2A_HUMAN_D0,R186W,2,2,0.2
1354,KCC2A_HUMAN_D0,R220C,2,2,0.2
1355,KCC2A_HUMAN_D0,R220H,2,2,0.2
1356,KCC2A_HUMAN_D0,G22E,1,2,0.2
1357,KCC2A_HUMAN_D0,E58Q,1,2,0.2
1358,KCC2A_HUMAN_D0,R62C,1,2,0.2
1359,KCC2A_HUMAN_D0,R62H,1,2,0.2
1360,KCC2A_HUMAN_D0,I63M,1,2,0.2
1361,KCC2A_HUMAN_D0,V73I,1,2,0.2
1362,KCC2A_HUMAN_D0,S78R,1,2,0.2
1363,KCC2A_HUMAN_D0,D90N,1,2,0.2
1364,KCC2A_HUMAN_D0,I101T,1,2,0.2
1365,KCC2A_HUMAN_D0,A122V,1,2,0.2
1366,KCC2A_HUMAN_D0,M129I,1,2,0.2
1367,KCC2A_HUMAN_D0,E139K,1,2,0.2
1368,KCC2A_HUMAN_D0,E139D,1,2,0.2
1369,KCC2A_HUMAN_D0,W214R,1,2,0.2
1370,KCC2B_HUMAN_D0,E237K,4,53,6.4
1371,KCC2B_HUMAN_D0,Q168K,3,53,6.4
1372,KCC2B_HUMAN_D0,R30C,2,53,6.4
1373,KCC2B_HUMAN_D0,R66C,2,53,6.4
1374,KCC2B_HUMAN_D0,R75C,2,53,6.4
1375,KCC2B_HUMAN_D0,E110K,2,53,6.4
1376,KCC2B_HUMAN_D0,Q118H,2,53,6.4
1377,KCC2B_HUMAN_D0,G131V,2,53,6.4
1378,KCC2B_HUMAN_D0,I249T,2,53,6.4
1379,KCC2B_HUMAN_D0,R260C,2,53,6.4
1380,KCC2B_HUMAN_D0,R29Q,1,53,6.4
1381,KCC2B_HUMAN_D0,L34F,1,53,6.4
1382,KCC2B_HUMAN_D0,Y40F,1,53,6.4
1383,KCC2B_HUMAN_D0,H55Y,1,53,6.4
1384,KCC2B_HUMAN_D0,R63L,1,53,6.4
1385,KCC2B_HUMAN_D0,R75S,1,53,6.4
1386,KCC2B_HUMAN_D0,S81F,1,53,6.4
1387,KCC2B_HUMAN_D0,G96W,1,53,6.4
1388,KCC2B_HUMAN_D0,A104V,1,53,6.4
1389,KCC2B_HUMAN_D0,S109C,1,53,6.4
1390,KCC2B_HUMAN_D0,A123V,1,53,6.4
1391,KCC2B_HUMAN_D0,L125F,1,53,6.4
1392,KCC2B_HUMAN_D0,P139S,1,53,6.4
1393,KCC2B_HUMAN_D0,N141K,1,53,6.4
1394,KCC2B_HUMAN_D0,L142M,1,53,6.4
1395,KCC2B_HUMAN_D0,G150E,1,53,6.4
1396,KCC2B_HUMAN_D0,A151D,1,53,6.4
1397,KCC2B_HUMAN_D0,G159C,1,53,6.4
1398,KCC2B_HUMAN_D0,L160R,1,53,6.4
1399,KCC2B_HUMAN_D0,K193R,1,53,6.4
1400,KCC2B_HUMAN_D0,V202L,1,53,6.4
1401,KCC2B_HUMAN_D0,P234L,1,53,6.4
1402,KCC2B_HUMAN_D0,V241I,1,53,6.4
1403,KCC2B_HUMAN_D0,P243L,1,53,6.4
1404,KCC2B_HUMAN_D0,P257S,1,53,6.4
1405,KCC2B_HUMAN_D0,R260L,1,53,6.4
1406,KCC2D_HUMAN_D0,A24T,3,12,1.4
1407,KCC2D_HUMAN_D0,S26L,2,12,1.4
1408,KCC2D_HUMAN_D0,V28L,2,12,1.4
1409,KCC2D_HUMAN_D0,Y87C,2,12,1.4
1410,KCC2D_HUMAN_D0,E97Q,2,12,1.4
1411,KCC2D_HUMAN_D0,Q118H,2,12,1.4
1412,KCC2D_HUMAN_D0,C127F,2,12,1.4
1413,KCC2D_HUMAN_D0,S146G,2,12,1.4
1414,KCC2D_HUMAN_D0,G166A,2,12,1.4
1415,KCC2D_HUMAN_D0,P178S,2,12,1.4
1416,KCC2D_HUMAN_D0,A199V,2,12,1.4
1417,KCC2D_HUMAN_D0,L267P,2,12,1.4
1418,KCC2D_HUMAN_D0,E18Q,1,12,1.4
1419,KCC2D_HUMAN_D0,L20V,1,12,1.4
1420,KCC2D_HUMAN_D0,G21E,1,12,1.4
1421,KCC2D_HUMAN_D0,K22E,1,12,1.4
1422,KCC2D_HUMAN_D0,R29K,1,12,1.4
1423,KCC2D_HUMAN_D0,P35H,1,12,1.4
1424,KCC2D_HUMAN_D0,V103M,1,12,1.4
1425,KCC2D_HUMAN_D0,A113V,1,12,1.4
1426,KCC2D_HUMAN_D0,E122Q,1,12,1.4
1427,KCC2D_HUMAN_D0,L137Q,1,12,1.4
1428,KCC2D_HUMAN_D0,A151V,1,12,1.4
1429,KCC2D_HUMAN_D0,G159D,1,12,1.4
1430,KCC2D_HUMAN_D0,V164F,1,12,1.4
1431,KCC2D_HUMAN_D0,G166R,1,12,1.4
1432,KCC2D_HUMAN_D0,D167E,1,12,1.4
1433,KCC2D_HUMAN_D0,G179E,1,12,1.4
1434,KCC2D_HUMAN_D0,P183S,1,12,1.4
1435,KCC2D_HUMAN_D0,L253I,1,12,1.4
1436,KCC4_HUMAN_D0,R95C,4,3,0.4
1437,KCC4_HUMAN_D0,L104R,4,3,0.4
1438,KCC4_HUMAN_D0,L93R,3,3,0.4
1439,KCC4_HUMAN_D0,L280V,3,3,0.4
1440,KCC4_HUMAN_D0,D284A,3,3,0.4
1441,KCC4_HUMAN_D0,K78N,2,3,0.4
1442,KCC4_HUMAN_D0,I85T,2,3,0.4
1443,KCC4_HUMAN_D0,L93F,2,3,0.4
1444,KCC4_HUMAN_D0,H98R,2,3,0.4
1445,KCC4_HUMAN_D0,K103R,2,3,0.4
1446,KCC4_HUMAN_D0,E119Q,2,3,0.4
1447,KCC4_HUMAN_D0,E119D,2,3,0.4
1448,KCC4_HUMAN_D0,D128H,2,3,0.4
1449,KCC4_HUMAN_D0,G134R,2,3,0.4
1450,KCC4_HUMAN_D0,D140N,2,3,0.4
1451,KCC4_HUMAN_D0,A144V,2,3,0.4
1452,KCC4_HUMAN_D0,K146E,2,3,0.4
1453,KCC4_HUMAN_D0,A151E,2,3,0.4
1454,KCC4_HUMAN_D0,V196L,2,3,0.4
1455,KCC4_HUMAN_D0,A209V,2,3,0.4
1456,KCC4_HUMAN_D0,P210H,2,3,0.4
1457,KCC4_HUMAN_D0,P240A,2,3,0.4
1458,KCC4_HUMAN_D0,E268G,2,3,0.4
1459,KCC4_HUMAN_D0,K286N,2,3,0.4
1460,KCC4_HUMAN_D0,S58F,1,3,0.4
1461,KCC4_HUMAN_D0,A73V,1,3,0.4
1462,KCC4_HUMAN_D0,V76E,1,3,0.4
1463,KCC4_HUMAN_D0,K79T,1,3,0.4
1464,KCC4_HUMAN_D0,K83N,1,3,0.4
1465,KCC4_HUMAN_D0,L94P,1,3,0.4
1466,KCC4_HUMAN_D0,G124E,1,3,0.4
1467,KCC4_HUMAN_D0,Y135N,1,3,0.4
1468,KCC4_HUMAN_D0,A141S,1,3,0.4
1469,KCC4_HUMAN_D0,E150G,1,3,0.4
1470,KCC4_HUMAN_D0,R163H,1,3,0.4
1471,KCC4_HUMAN_D0,R163C,1,3,0.4
1472,KCC4_HUMAN_D0,N169K,1,3,0.4
1473,KCC4_HUMAN_D0,P180A,1,3,0.4
1474,KCC4_HUMAN_D0,I183L,1,3,0.4
1475,KCC4_HUMAN_D0,G203E,1,3,0.4
1476,KCC4_HUMAN_D0,P205L,1,3,0.4
1477,KCC4_HUMAN_D0,Y207C,1,3,0.4
1478,KCC4_HUMAN_D0,E211K,1,3,0.4
1479,KCC4_HUMAN_D0,L213F,1,3,0.4
1480,KCC4_HUMAN_D0,A217D,1,3,0.4
1481,KCC4_HUMAN_D0,E221Q,1,3,0.4
1482,KCC4_HUMAN_D0,G228E,1,3,0.4
1483,KCC4_HUMAN_D0,E239Q,1,3,0.4
1484,KCC4_HUMAN_D0,Y242C,1,3,0.4
1485,KCC4_HUMAN_D0,D243Y,1,3,0.4
1486,KCC4_HUMAN_D0,G246R,1,3,0.4
1487,KCC4_HUMAN_D0,S263P,1,3,0.4
1488,KCC4_HUMAN_D0,D284N,1,3,0.4
1489,KCC4_HUMAN_D0,P298L,1,3,0.4
1490,KS6A1_HUMAN_D1,R434H,4,43,5.1
1491,KS6A1_HUMAN_D1,S457L,3,43,5.1
1492,KS6A1_HUMAN_D1,L463F,2,43,5.1
1493,KS6A1_HUMAN_D1,E490V,2,43,5.1
1494,KS6A1_HUMAN_D1,R493W,2,43,5.1
1495,KS6A1_HUMAN_D1,R503Q,2,43,5.1
1496,KS6A1_HUMAN_D1,G520D,2,43,5.1
1497,KS6A1_HUMAN_D1,G530R,2,43,5.1
1498,KS6A1_HUMAN_D1,S539C,2,43,5.1
1499,KS6A1_HUMAN_D1,R588L,2,43,5.1
1500,KS6A1_HUMAN_D1,G617S,2,43,5.1
1501,KS6A1_HUMAN_D1,E623K,2,43,5.1
1502,KS6A1_HUMAN_D1,K421N,1,43,5.1
1503,KS6A1_HUMAN_D1,T440N,1,43,5.1
1504,KS6A1_HUMAN_D1,K451M,1,43,5.1
1505,KS6A1_HUMAN_D1,G482D,1,43,5.1
1506,KS6A1_HUMAN_D1,V515D,1,43,5.1
1507,KS6A1_HUMAN_D1,V531F,1,43,5.1
1508,KS6A1_HUMAN_D1,R554H,1,43,5.1
1509,KS6A1_HUMAN_D1,R554C,1,43,5.1
1510,KS6A1_HUMAN_D1,R588C,1,43,5.1
1511,KS6A1_HUMAN_D1,R588H,1,43,5.1
1512,KS6A1_HUMAN_D1,D596N,1,43,5.1
1513,KS6A1_HUMAN_D1,Y605H,1,43,5.1
1514,KS6A1_HUMAN_D1,M607I,1,43,5.1
1515,KS6A1_HUMAN_D1,G610V,1,43,5.1
1516,KS6A1_HUMAN_D1,R628Q,1,43,5.1
1517,KS6A1_HUMAN_D1,I629V,1,43,5.1
1518,KS6A1_HUMAN_D1,G630S,1,43,5.1
1519,KS6A1_HUMAN_D1,P673L,1,43,5.1
1520,M3K5_HUMAN_D0,I726T,2,105,12.6
1521,M3K5_HUMAN_D0,R767C,2,105,12.6
1522,M3K5_HUMAN_D0,R767H,2,105,12.6
1523,M3K5_HUMAN_D0,E789D,2,105,12.6
1524,M3K5_HUMAN_D0,K819N,2,105,12.6
1525,M3K5_HUMAN_D0,P834S,2,105,12.6
1526,M3K5_HUMAN_D0,P855R,2,105,12.6
1527,M3K5_HUMAN_D0,P921R,2,105,12.6
1528,M3K5_HUMAN_D0,D931N,2,105,12.6
1529,M3K5_HUMAN_D0,G681V,1,105,12.6
1530,M3K5_HUMAN_D0,T690I,1,105,12.6
1531,M3K5_HUMAN_D0,R698L,1,105,12.6
1532,M3K5_HUMAN_D0,R705K,1,105,12.6
1533,M3K5_HUMAN_D0,E710G,1,105,12.6
1534,M3K5_HUMAN_D0,E710K,1,105,12.6
1535,M3K5_HUMAN_D0,Q720K,1,105,12.6
1536,M3K5_HUMAN_D0,N736H,1,105,12.6
1537,M3K5_HUMAN_D0,G760R,1,105,12.6
1538,M3K5_HUMAN_D0,L762I,1,105,12.6
1539,M3K5_HUMAN_D0,L765F,1,105,12.6
1540,M3K5_HUMAN_D0,K774Q,1,105,12.6
1541,M3K5_HUMAN_D0,F782L,1,105,12.6
1542,M3K5_HUMAN_D0,L794F,1,105,12.6
1543,M3K5_HUMAN_D0,V800A,1,105,12.6
1544,M3K5_HUMAN_D0,L810F,1,105,12.6
1545,M3K5_HUMAN_D0,I832T,1,105,12.6
1546,M3K5_HUMAN_D0,A847T,1,105,12.6
1547,M3K5_HUMAN_D0,K878N,1,105,12.6
1548,M3K5_HUMAN_D0,P879S,1,105,12.6
1549,M3K5_HUMAN_D0,K898E,1,105,12.6
1550,M3K5_HUMAN_D0,V899D,1,105,12.6
1551,M3K5_HUMAN_D0,H900Y,1,105,12.6
1552,M3K5_HUMAN_D0,P901L,1,105,12.6
1553,M3K5_HUMAN_D0,F914L,1,105,12.6
1554,M3K5_HUMAN_D0,C918G,1,105,12.6
1555,MERTK_HUMAN_D0,R722Q,3,126,15.1
1556,MERTK_HUMAN_D0,M790V,3,126,15.1
1557,MERTK_HUMAN_D0,L653V,2,126,15.1
1558,MERTK_HUMAN_D0,G677R,2,126,15.1
1559,MERTK_HUMAN_D0,R687Q,2,126,15.1
1560,MERTK_HUMAN_D0,R722L,2,126,15.1
1561,MERTK_HUMAN_D0,R727Q,2,126,15.1
1562,MERTK_HUMAN_D0,Y749C,2,126,15.1
1563,MERTK_HUMAN_D0,D811N,2,126,15.1
1564,MERTK_HUMAN_D0,R851G,2,126,15.1
1565,MERTK_HUMAN_D0,L593M,1,126,15.1
1566,MERTK_HUMAN_D0,G596V,1,126,15.1
1567,MERTK_HUMAN_D0,E603K,1,126,15.1
1568,MERTK_HUMAN_D0,G604E,1,126,15.1
1569,MERTK_HUMAN_D0,E609K,1,126,15.1
1570,MERTK_HUMAN_D0,D624Y,1,126,15.1
1571,MERTK_HUMAN_D0,S626C,1,126,15.1
1572,MERTK_HUMAN_D0,D643Y,1,126,15.1
1573,MERTK_HUMAN_D0,F644L,1,126,15.1
1574,MERTK_HUMAN_D0,S661F,1,126,15.1
1575,MERTK_HUMAN_D0,G663D,1,126,15.1
1576,MERTK_HUMAN_D0,P672S,1,126,15.1
1577,MERTK_HUMAN_D0,L688M,1,126,15.1
1578,MERTK_HUMAN_D0,D706N,1,126,15.1
1579,MERTK_HUMAN_D0,R717S,1,126,15.1
1580,MERTK_HUMAN_D0,D733Y,1,126,15.1
1581,MERTK_HUMAN_D0,G743S,1,126,15.1
1582,MERTK_HUMAN_D0,L772I,1,126,15.1
1583,MERTK_HUMAN_D0,S781R,1,126,15.1
1584,MERTK_HUMAN_D0,T795A,1,126,15.1
1585,MERTK_HUMAN_D0,R796W,1,126,15.1
1586,MERTK_HUMAN_D0,P802S,1,126,15.1
1587,MERTK_HUMAN_D0,D811H,1,126,15.1
1588,MERTK_HUMAN_D0,D811Y,1,126,15.1
1589,MERTK_HUMAN_D0,K820R,1,126,15.1
1590,MERTK_HUMAN_D0,E831Q,1,126,15.1
1591,MERTK_HUMAN_D0,S835C,1,126,15.1
1592,MERTK_HUMAN_D0,W837S,1,126,15.1
1593,MERTK_HUMAN_D0,L842F,1,126,15.1
1594,MERTK_HUMAN_D0,T846A,1,126,15.1
1595,MERTK_HUMAN_D0,L850F,1,126,15.1
1596,MK01_HUMAN_D0,R135K,5,84,10.1
1597,MK01_HUMAN_D0,N257S,3,84,10.1
1598,MK01_HUMAN_D0,A52S,2,84,10.1
1599,MK01_HUMAN_D0,R77C,2,84,10.1
1600,MK01_HUMAN_D0,E81K,2,84,10.1
1601,MK01_HUMAN_D0,L121I,2,84,10.1
1602,MK01_HUMAN_D0,G136E,2,84,10.1
1603,MK01_HUMAN_D0,H141Y,2,84,10.1
1604,MK01_HUMAN_D0,S142L,2,84,10.1
1605,MK01_HUMAN_D0,D162G,2,84,10.1
1606,MK01_HUMAN_D0,R172H,2,84,10.1
1607,MK01_HUMAN_D0,R191H,2,84,10.1
1608,MK01_HUMAN_D0,I211V,2,84,10.1
1609,MK01_HUMAN_D0,D235V,2,84,10.1
1610,MK01_HUMAN_D0,L244F,2,84,10.1
1611,MK01_HUMAN_D0,S246F,2,84,10.1
1612,MK01_HUMAN_D0,N262T,2,84,10.1
1613,MK01_HUMAN_D0,Y263C,2,84,10.1
1614,MK01_HUMAN_D0,G34D,1,84,10.1
1615,MK01_HUMAN_D0,P58L,1,84,10.1
1616,MK01_HUMAN_D0,H61Q,1,84,10.1
1617,MK01_HUMAN_D0,R67I,1,84,10.1
1618,MK01_HUMAN_D0,R79K,1,84,10.1
1619,MK01_HUMAN_D0,L134P,1,84,10.1
1620,MK01_HUMAN_D0,H147Y,1,84,10.1
1621,MK01_HUMAN_D0,R148H,1,84,10.1
1622,MK01_HUMAN_D0,D149Y,1,84,10.1
1623,MK01_HUMAN_D0,C166R,1,84,10.1
1624,MK01_HUMAN_D0,D167E,1,84,10.1
1625,MK01_HUMAN_D0,P176S,1,84,10.1
1626,MK01_HUMAN_D0,P176T,1,84,10.1
1627,MK01_HUMAN_D0,D179G,1,84,10.1
1628,MK01_HUMAN_D0,T185A,1,84,10.1
1629,MK01_HUMAN_D0,L200F,1,84,10.1
1630,MK01_HUMAN_D0,G204C,1,84,10.1
1631,MK01_HUMAN_D0,T206I,1,84,10.1
1632,MK01_HUMAN_D0,V214I,1,84,10.1
1633,MK01_HUMAN_D0,I227F,1,84,10.1
1634,MK01_HUMAN_D0,P229L,1,84,10.1
1635,MK01_HUMAN_D0,D235E,1,84,10.1
1636,MK01_HUMAN_D0,L244I,1,84,10.1
1637,MK01_HUMAN_D0,S266F,1,84,10.1
1638,MK01_HUMAN_D0,P268L,1,84,10.1
1639,MK01_HUMAN_D0,L278M,1,84,10.1
1640,MK03_HUMAN_D0,E77K,3,273,32.7
1641,MK03_HUMAN_D0,S58L,2,273,32.7
1642,MK03_HUMAN_D0,R84H,2,273,32.7
1643,MK03_HUMAN_D0,R87W,2,273,32.7
1644,MK03_HUMAN_D0,R94C,2,273,32.7
1645,MK03_HUMAN_D0,Y148C,2,273,32.7
1646,MK03_HUMAN_D0,R152W,2,273,32.7
1647,MK03_HUMAN_D0,I182N,2,273,32.7
1648,MK03_HUMAN_D0,R211P,2,273,32.7
1649,MK03_HUMAN_D0,L269P,2,273,32.7
1650,MK03_HUMAN_D0,V290A,2,273,32.7
1651,MK03_HUMAN_D0,D300E,2,273,32.7
1652,MK03_HUMAN_D0,N314I,2,273,32.7
1653,MK03_HUMAN_D0,Q44P,1,273,32.7
1654,MK03_HUMAN_D0,Y60C,1,273,32.7
1655,MK03_HUMAN_D0,D61E,1,273,32.7
1656,MK03_HUMAN_D0,V63M,1,273,32.7
1657,MK03_HUMAN_D0,R64C,1,273,32.7
1658,MK03_HUMAN_D0,R96H,1,273,32.7
1659,MK03_HUMAN_D0,E98D,1,273,32.7
1660,MK03_HUMAN_D0,G102S,1,273,32.7
1661,MK03_HUMAN_D0,G102D,1,273,32.7
1662,MK03_HUMAN_D0,R104Q,1,273,32.7
1663,MK03_HUMAN_D0,R108W,1,273,32.7
1664,MK03_HUMAN_D0,I120T,1,273,32.7
1665,MK03_HUMAN_D0,L124P,1,273,32.7
1666,MK03_HUMAN_D0,D141G,1,273,32.7
1667,MK03_HUMAN_D0,G153D,1,273,32.7
1668,MK03_HUMAN_D0,G153S,1,273,32.7
1669,MK03_HUMAN_D0,N171D,1,273,32.7
1670,MK03_HUMAN_D0,T177I,1,273,32.7
1671,MK03_HUMAN_D0,C178R,1,273,32.7
1672,MK03_HUMAN_D0,G186R,1,273,32.7
1673,MK03_HUMAN_D0,R189W,1,273,32.7
1674,MK03_HUMAN_D0,I190T,1,273,32.7
1675,MK03_HUMAN_D0,P193S,1,273,32.7
1676,MK03_HUMAN_D0,E194Q,1,273,32.7
1677,MK03_HUMAN_D0,R211Q,1,273,32.7
1678,MK03_HUMAN_D0,M216I,1,273,32.7
1679,MK03_HUMAN_D0,I228V,1,273,32.7
1680,MK03_HUMAN_D0,S240C,1,273,32.7
1681,MK03_HUMAN_D0,R242W,1,273,32.7
1682,MK03_HUMAN_D0,P246S,1,273,32.7
1683,MK03_HUMAN_D0,I257V,1,273,32.7
1684,MK03_HUMAN_D0,I260H,1,273,32.7
1685,MK03_HUMAN_D0,I273M,1,273,32.7
1686,MK03_HUMAN_D0,M275T,1,273,32.7
1687,MK03_HUMAN_D0,S283P,1,273,32.7
1688,MK03_HUMAN_D0,A303V,1,273,32.7
1689,MK03_HUMAN_D0,R309W,1,273,32.7
1690,MK03_HUMAN_D0,R309Q,1,273,32.7
1691,MK03_HUMAN_D0,R309L,1,273,32.7
1692,MK03_HUMAN_D0,R318W,1,273,32.7
1693,MK08_HUMAN_D0,F101S,4,214,25.7
1694,MK08_HUMAN_D0,L115I,4,214,25.7
1695,MK08_HUMAN_D0,P31L,2,214,25.7
1696,MK08_HUMAN_D0,R69W,2,214,25.7
1697,MK08_HUMAN_D0,S97F,2,214,25.7
1698,MK08_HUMAN_D0,F101L,2,214,25.7
1699,MK08_HUMAN_D0,D103Y,2,214,25.7
1700,MK08_HUMAN_D0,H125R,2,214,25.7
1701,MK08_HUMAN_D0,I139M,2,214,25.7
1702,MK08_HUMAN_D0,H149Y,2,214,25.7
1703,MK08_HUMAN_D0,R150W,2,214,25.7
1704,MK08_HUMAN_D0,T183M,2,214,25.7
1705,MK08_HUMAN_D0,R189H,2,214,25.7
1706,MK08_HUMAN_D0,L198F,2,214,25.7
1707,MK08_HUMAN_D0,E217Q,2,214,25.7
1708,MK08_HUMAN_D0,I231V,2,214,25.7
1709,MK08_HUMAN_D0,E239Q,2,214,25.7
1710,MK08_HUMAN_D0,Q240R,2,214,25.7
1711,MK08_HUMAN_D0,P246R,2,214,25.7
1712,MK08_HUMAN_D0,E247Q,2,214,25.7
1713,MK08_HUMAN_D0,P276S,2,214,25.7
1714,MK08_HUMAN_D0,D277V,2,214,25.7
1715,MK08_HUMAN_D0,D283H,2,214,25.7
1716,MK08_HUMAN_D0,Y320C,2,214,25.7
1717,MK08_HUMAN_D0,A42T,1,214,25.7
1718,MK08_HUMAN_D0,L57Q,1,214,25.7
1719,MK08_HUMAN_D0,A70D,1,214,25.7
1720,MK08_HUMAN_D0,C79Y,1,214,25.7
1721,MK08_HUMAN_D0,D103H,1,214,25.7
1722,MK08_HUMAN_D0,V104I,1,214,25.7
1723,MK08_HUMAN_D0,E109G,1,214,25.7
1724,MK08_HUMAN_D0,D112G,1,214,25.7
1725,MK08_HUMAN_D0,N114H,1,214,25.7
1726,MK08_HUMAN_D0,M121I,1,214,25.7
1727,MK08_HUMAN_D0,H149R,1,214,25.7
1728,MK08_HUMAN_D0,I157V,1,214,25.7
1729,MK08_HUMAN_D0,T178M,1,214,25.7
1730,MK08_HUMAN_D0,T188N,1,214,25.7
1731,MK08_HUMAN_D0,R189G,1,214,25.7
1732,MK08_HUMAN_D0,R189F,1,214,25.7
1733,MK08_HUMAN_D0,R189C,1,214,25.7
1734,MK08_HUMAN_D0,R189L,1,214,25.7
1735,MK08_HUMAN_D0,M200T,1,214,25.7
1736,MK08_HUMAN_D0,M249I,1,214,25.7
1737,MK08_HUMAN_D0,Y259F,1,214,25.7
1738,MK08_HUMAN_D0,E261K,1,214,25.7
1739,MK08_HUMAN_D0,Y266N,1,214,25.7
1740,MK08_HUMAN_D0,D277G,1,214,25.7
1741,MK08_HUMAN_D0,A282D,1,214,25.7
1742,MK08_HUMAN_D0,I304M,1,214,25.7
1743,MK08_HUMAN_D0,A306T,1,214,25.7
1744,MK11_HUMAN_D0,I116N,2,238,28.5
1745,MK11_HUMAN_D0,E125K,2,238,28.5
1746,MK11_HUMAN_D0,R149W,2,238,28.5
1747,MK11_HUMAN_D0,R173L,2,238,28.5
1748,MK11_HUMAN_D0,M179I,2,238,28.5
1749,MK11_HUMAN_D0,R186H,2,238,28.5
1750,MK11_HUMAN_D0,A221V,2,238,28.5
1751,MK11_HUMAN_D0,R234C,2,238,28.5
1752,MK11_HUMAN_D0,S293I,2,238,28.5
1753,MK11_HUMAN_D0,R28C,1,238,28.5
1754,MK11_HUMAN_D0,V52M,1,238,28.5
1755,MK11_HUMAN_D0,L151P,1,238,28.5
1756,MK11_HUMAN_D0,A157D,1,238,28.5
1757,MK11_HUMAN_D0,E177K,1,238,28.5
1758,MK11_HUMAN_D0,R186C,1,238,28.5
1759,MK11_HUMAN_D0,G210C,1,238,28.5
1760,MK11_HUMAN_D0,R234H,1,238,28.5
1761,MK11_HUMAN_D0,R275H,1,238,28.5
1762,MK11_HUMAN_D0,L285I,1,238,28.5
1763,MK11_HUMAN_D0,D292H,1,238,28.5
1764,MK13_HUMAN_D0,A66T,3,238,28.5
1765,MK13_HUMAN_D0,G48R,2,238,28.5
1766,MK13_HUMAN_D0,K50T,2,238,28.5
1767,MK13_HUMAN_D0,S95F,2,238,28.5
1768,MK13_HUMAN_D0,M118I,2,238,28.5
1769,MK13_HUMAN_D0,E125D,2,238,28.5
1770,MK13_HUMAN_D0,V146I,2,238,28.5
1771,MK13_HUMAN_D0,M213I,2,238,28.5
1772,MK13_HUMAN_D0,M216T,2,238,28.5
1773,MK13_HUMAN_D0,D252N,2,238,28.5
1774,MK13_HUMAN_D0,E290K,2,238,28.5
1775,MK13_HUMAN_D0,P306L,2,238,28.5
1776,MK13_HUMAN_D0,A52V,1,238,28.5
1777,MK13_HUMAN_D0,I64M,1,238,28.5
1778,MK13_HUMAN_D0,H81N,1,238,28.5
1779,MK13_HUMAN_D0,R98Y,1,238,28.5
1780,MK13_HUMAN_D0,L130R,1,238,28.5
1781,MK13_HUMAN_D0,K139E,1,238,28.5
1782,MK13_HUMAN_D0,V183M,1,238,28.5
1783,MK13_HUMAN_D0,V184M,1,238,28.5
1784,MK13_HUMAN_D0,P191S,1,238,28.5
1785,MK13_HUMAN_D0,L232M,1,238,28.5
1786,MK13_HUMAN_D0,G240W,1,238,28.5
1787,MK13_HUMAN_D0,P266S,1,238,28.5
1788,MK13_HUMAN_D0,P275S,1,238,28.5
1789,MK13_HUMAN_D0,Q280L,1,238,28.5
1790,MK13_HUMAN_D0,E290D,1,238,28.5
1791,MK13_HUMAN_D0,T298A,1,238,28.5
1792,MK13_HUMAN_D0,L303I,1,238,28.5
1793,MK14_HUMAN_D0,V158M,3,530,63.7
1794,MK14_HUMAN_D0,A51V,2,530,63.7
1795,MK14_HUMAN_D0,A65V,2,530,63.7
1796,MK14_HUMAN_D0,R73W,2,530,63.7
1797,MK14_HUMAN_D0,L135I,2,530,63.7
1798,MK14_HUMAN_D0,A144T,2,530,63.7
1799,MK14_HUMAN_D0,L164P,2,530,63.7
1800,MK14_HUMAN_D0,P191H,2,530,63.7
1801,MK14_HUMAN_D0,K248N,2,530,63.7
1802,MK14_HUMAN_D0,K249T,2,530,63.7
1803,MK14_HUMAN_D0,M265L,2,530,63.7
1804,MK14_HUMAN_D0,P266L,2,530,63.7
1805,MK14_HUMAN_D0,N278I,2,530,63.7
1806,MK14_HUMAN_D0,A281S,2,530,63.7
1807,MK14_HUMAN_D0,M288I,2,530,63.7
1808,MK14_HUMAN_D0,Y24D,1,530,63.7
1809,MK14_HUMAN_D0,G36C,1,530,63.7
1810,MK14_HUMAN_D0,L48I,1,530,63.7
1811,MK14_HUMAN_D0,E71K,1,530,63.7
1812,MK14_HUMAN_D0,R73Q,1,530,63.7
1813,MK14_HUMAN_D0,P92L,1,530,63.7
1814,MK14_HUMAN_D0,R94K,1,530,63.7
1815,MK14_HUMAN_D0,S95F,1,530,63.7
1816,MK14_HUMAN_D0,K121T,1,530,63.7
1817,MK14_HUMAN_D0,R136Q,1,530,63.7
1818,MK14_HUMAN_D0,I146T,1,530,63.7
1819,MK14_HUMAN_D0,R173W,1,530,63.7
1820,MK14_HUMAN_D0,T185I,1,530,63.7
1821,MK14_HUMAN_D0,R186K,1,530,63.7
1822,MK14_HUMAN_D0,Y200H,1,530,63.7
1823,MK14_HUMAN_D0,D227N,1,530,63.7
1824,MK14_HUMAN_D0,L238F,1,530,63.7
1825,MK14_HUMAN_D0,G240R,1,530,63.7
1826,MK14_HUMAN_D0,A244T,1,530,63.7
1827,MK14_HUMAN_D0,I250L,1,530,63.7
1828,MK14_HUMAN_D0,E253A,1,530,63.7
1829,MK14_HUMAN_D0,Q260R,1,530,63.7
1830,MK14_HUMAN_D0,N272T,1,530,63.7
1831,MK14_HUMAN_D0,P279S,1,530,63.7
1832,MK14_HUMAN_D0,P279I,1,530,63.7
1833,MK14_HUMAN_D0,D283A,1,530,63.7
1834,MK14_HUMAN_D0,L289F,1,530,63.7
1835,MK14_HUMAN_D0,R296I,1,530,63.7
1836,NEK1_HUMAN_D0,R6T,2,25,3.0
1837,NEK1_HUMAN_D0,S69L,2,25,3.0
1838,NEK1_HUMAN_D0,L106F,2,25,3.0
1839,NEK1_HUMAN_D0,L125I,2,25,3.0
1840,NEK1_HUMAN_D0,G148E,2,25,3.0
1841,NEK1_HUMAN_D0,K200I,2,25,3.0
1842,NEK1_HUMAN_D0,P243S,2,25,3.0
1843,NEK1_HUMAN_D0,S23T,1,25,3.0
1844,NEK1_HUMAN_D0,A56T,1,25,3.0
1845,NEK1_HUMAN_D0,V64L,1,25,3.0
1846,NEK1_HUMAN_D0,Q65E,1,25,3.0
1847,NEK1_HUMAN_D0,R91Q,1,25,3.0
1848,NEK1_HUMAN_D0,D128Y,1,25,3.0
1849,NEK1_HUMAN_D0,D139N,1,25,3.0
1850,NEK1_HUMAN_D0,R161Q,1,25,3.0
1851,NEK1_HUMAN_D0,S228F,1,25,3.0
1852,NEK1_HUMAN_D0,L231I,1,25,3.0
1853,NEK1_HUMAN_D0,R241I,1,25,3.0
1854,NEK7_HUMAN_D0,P134S,3,10,1.2
1855,NEK7_HUMAN_D0,T199M,3,10,1.2
1856,NEK7_HUMAN_D0,R76C,2,10,1.2
1857,NEK7_HUMAN_D0,F101L,2,10,1.2
1858,NEK7_HUMAN_D0,V110L,2,10,1.2
1859,NEK7_HUMAN_D0,A114V,2,10,1.2
1860,NEK7_HUMAN_D0,V167M,2,10,1.2
1861,NEK7_HUMAN_D0,S195Y,2,10,1.2
1862,NEK7_HUMAN_D0,S217F,2,10,1.2
1863,NEK7_HUMAN_D0,S221Y,2,10,1.2
1864,NEK7_HUMAN_D0,M71R,1,10,1.2
1865,NEK7_HUMAN_D0,R76L,1,10,1.2
1866,NEK7_HUMAN_D0,D84Y,1,10,1.2
1867,NEK7_HUMAN_D0,L86I,1,10,1.2
1868,NEK7_HUMAN_D0,K87T,1,10,1.2
1869,NEK7_HUMAN_D0,R184L,1,10,1.2
1870,NEK7_HUMAN_D0,F186L,1,10,1.2
1871,NEK7_HUMAN_D0,S217C,1,10,1.2
1872,NEK7_HUMAN_D0,S221T,1,10,1.2
1873,NEK7_HUMAN_D0,L222R,1,10,1.2
1874,NEK7_HUMAN_D0,L232I,1,10,1.2
1875,NEK7_HUMAN_D0,S234I,1,10,1.2
1876,NEK7_HUMAN_D0,K249N,1,10,1.2
1877,NEK7_HUMAN_D0,P259S,1,10,1.2
1878,NEK7_HUMAN_D0,P259L,1,10,1.2
1879,NEK7_HUMAN_D0,R282Q,1,10,1.2
1880,NEK7_HUMAN_D0,V285I,1,10,1.2
1881,NEK7_HUMAN_D0,H296Y,1,10,1.2
1882,PAK4_HUMAN_D0,Y385H,3,179,21.5
1883,PAK4_HUMAN_D0,R360H,2,179,21.5
1884,PAK4_HUMAN_D0,A483T,2,179,21.5
1885,PAK4_HUMAN_D0,D510N,2,179,21.5
1886,PAK4_HUMAN_D0,E518K,2,179,21.5
1887,PAK4_HUMAN_D0,E565G,2,179,21.5
1888,PAK4_HUMAN_D0,T339S,1,179,21.5
1889,PAK4_HUMAN_D0,G344V,1,179,21.5
1890,PAK4_HUMAN_D0,D389Y,1,179,21.5
1891,PAK4_HUMAN_D0,M395L,1,179,21.5
1892,PAK4_HUMAN_D0,G400E,1,179,21.5
1893,PAK4_HUMAN_D0,V420M,1,179,21.5
1894,PAK4_HUMAN_D0,A427S,1,179,21.5
1895,PAK4_HUMAN_D0,A433T,1,179,21.5
1896,PAK4_HUMAN_D0,A463T,1,179,21.5
1897,PAK4_HUMAN_D0,S466I,1,179,21.5
1898,PAK4_HUMAN_D0,V476G,1,179,21.5
1899,PAK4_HUMAN_D0,P479L,1,179,21.5
1900,PAK4_HUMAN_D0,L490F,1,179,21.5
1901,PAK4_HUMAN_D0,P491L,1,179,21.5
1902,PAK4_HUMAN_D0,S500L,1,179,21.5
1903,PAK4_HUMAN_D0,G502V,1,179,21.5
1904,PAK4_HUMAN_D0,M524I,1,179,21.5
1905,PAK4_HUMAN_D0,S542L,1,179,21.5
1906,PAK4_HUMAN_D0,P543S,1,179,21.5
1907,PAK4_HUMAN_D0,K546N,1,179,21.5
1908,PAK4_HUMAN_D0,D550Y,1,179,21.5
1909,PAK4_HUMAN_D0,A564V,1,179,21.5
1910,PAK4_HUMAN_D0,P570S,1,179,21.5
1911,PAK6_HUMAN_D0,R431S,2,135,16.2
1912,PAK6_HUMAN_D0,E475K,2,135,16.2
1913,PAK6_HUMAN_D0,R497S,2,135,16.2
1914,PAK6_HUMAN_D0,A519V,2,135,16.2
1915,PAK6_HUMAN_D0,D530G,2,135,16.2
1916,PAK6_HUMAN_D0,V627A,2,135,16.2
1917,PAK6_HUMAN_D0,R637W,2,135,16.2
1918,PAK6_HUMAN_D0,R641W,2,135,16.2
1919,PAK6_HUMAN_D0,R641Q,2,135,16.2
1920,PAK6_HUMAN_D0,E651V,2,135,16.2
1921,PAK6_HUMAN_D0,R425W,1,135,16.2
1922,PAK6_HUMAN_D0,R431H,1,135,16.2
1923,PAK6_HUMAN_D0,R446S,1,135,16.2
1924,PAK6_HUMAN_D0,R457L,1,135,16.2
1925,PAK6_HUMAN_D0,S494F,1,135,16.2
1926,PAK6_HUMAN_D0,L536F,1,135,16.2
1927,PAK6_HUMAN_D0,S543L,1,135,16.2
1928,PAK6_HUMAN_D0,P556H,1,135,16.2
1929,PAK6_HUMAN_D0,T564S,1,135,16.2
1930,PAK6_HUMAN_D0,V627I,1,135,16.2
1931,PAK6_HUMAN_D0,P643L,1,135,16.2
1932,PAK7_HUMAN_D0,D517N,4,110,13.2
1933,PAK7_HUMAN_D0,E542K,3,110,13.2
1934,PAK7_HUMAN_D0,E468K,2,110,13.2
1935,PAK7_HUMAN_D0,H566Y,2,110,13.2
1936,PAK7_HUMAN_D0,E613K,2,110,13.2
1937,PAK7_HUMAN_D0,A450T,1,110,13.2
1938,PAK7_HUMAN_D0,G458S,1,110,13.2
1939,PAK7_HUMAN_D0,A466P,1,110,13.2
1940,PAK7_HUMAN_D0,A466V,1,110,13.2
1941,PAK7_HUMAN_D0,A466T,1,110,13.2
1942,PAK7_HUMAN_D0,G472W,1,110,13.2
1943,PAK7_HUMAN_D0,G472E,1,110,13.2
1944,PAK7_HUMAN_D0,V475I,1,110,13.2
1945,PAK7_HUMAN_D0,D481Y,1,110,13.2
1946,PAK7_HUMAN_D0,R483W,1,110,13.2
1947,PAK7_HUMAN_D0,R488G,1,110,13.2
1948,PAK7_HUMAN_D0,E489G,1,110,13.2
1949,PAK7_HUMAN_D0,F492L,1,110,13.2
1950,PAK7_HUMAN_D0,M498I,1,110,13.2
1951,PAK7_HUMAN_D0,D508Y,1,110,13.2
1952,PAK7_HUMAN_D0,M509I,1,110,13.2
1953,PAK7_HUMAN_D0,G516S,1,110,13.2
1954,PAK7_HUMAN_D0,M523K,1,110,13.2
1955,PAK7_HUMAN_D0,F525Y,1,110,13.2
1956,PAK7_HUMAN_D0,V535L,1,110,13.2
1957,PAK7_HUMAN_D0,H537Q,1,110,13.2
1958,PAK7_HUMAN_D0,T538S,1,110,13.2
1959,PAK7_HUMAN_D0,E542D,1,110,13.2
1960,PAK7_HUMAN_D0,L553M,1,110,13.2
1961,PAK7_HUMAN_D0,L556P,1,110,13.2
1962,PAK7_HUMAN_D0,G563R,1,110,13.2
1963,PAK7_HUMAN_D0,S585I,1,110,13.2
1964,PAK7_HUMAN_D0,C590F,1,110,13.2
1965,PAK7_HUMAN_D0,S594F,1,110,13.2
1966,PAK7_HUMAN_D0,P607L,1,110,13.2
1967,PAK7_HUMAN_D0,M610I,1,110,13.2
1968,PAK7_HUMAN_D0,P612S,1,110,13.2
1969,PAK7_HUMAN_D0,P619S,1,110,13.2
1970,PAK7_HUMAN_D0,L629F,1,110,13.2
1971,PAK7_HUMAN_D0,G630E,1,110,13.2
1972,PAK7_HUMAN_D0,M636I,1,110,13.2
1973,PAK7_HUMAN_D0,G639V,1,110,13.2
1974,PAK7_HUMAN_D0,Y643F,1,110,13.2
1975,PAK7_HUMAN_D0,L649V,1,110,13.2
1976,PAK7_HUMAN_D0,A651V,1,110,13.2
1977,PAK7_HUMAN_D0,R662T,1,110,13.2
1978,PAK7_HUMAN_D0,S671L,1,110,13.2
1979,PAK7_HUMAN_D0,R674Q,1,110,13.2
1980,PAK7_HUMAN_D0,G675R,1,110,13.2
1981,PAK7_HUMAN_D0,S686Y,1,110,13.2
1982,PAK7_HUMAN_D0,P698L,1,110,13.2
1983,PHKG2_HUMAN_D0,R44Q,4,10,1.1
1984,PHKG2_HUMAN_D0,R39L,2,10,1.1
1985,PHKG2_HUMAN_D0,A51T,2,10,1.1
1986,PHKG2_HUMAN_D0,R71W,2,10,1.1
1987,PHKG2_HUMAN_D0,R75Q,2,10,1.1
1988,PHKG2_HUMAN_D0,T78R,2,10,1.1
1989,PHKG2_HUMAN_D0,A85T,2,10,1.1
1990,PHKG2_HUMAN_D0,E114K,2,10,1.1
1991,PHKG2_HUMAN_D0,E157K,2,10,1.1
1992,PHKG2_HUMAN_D0,L194V,2,10,1.1
1993,PHKG2_HUMAN_D0,E197Q,2,10,1.1
1994,PHKG2_HUMAN_D0,R39C,1,10,1.1
1995,PHKG2_HUMAN_D0,R44G,1,10,1.1
1996,PHKG2_HUMAN_D0,A51V,1,10,1.1
1997,PHKG2_HUMAN_D0,E60Q,1,10,1.1
1998,PHKG2_HUMAN_D0,P64S,1,10,1.1
1999,PHKG2_HUMAN_D0,R82C,1,10,1.1
2000,PHKG2_HUMAN_D0,P88H,1,10,1.1
2001,PHKG2_HUMAN_D0,R135W,1,10,1.1
2002,PHKG2_HUMAN_D0,R152Q,1,10,1.1
2003,PHKG2_HUMAN_D0,E157D,1,10,1.1
2004,PHKG2_HUMAN_D0,G189R,1,10,1.1
2005,PHKG2_HUMAN_D0,E213Q,1,10,1.1
2006,PHKG2_HUMAN_D0,D215N,1,10,1.1
2007,PHKG2_HUMAN_D0,R243S,1,10,1.1
2008,PHKG2_HUMAN_D0,R243L,1,10,1.1
2009,PHKG2_HUMAN_D0,R260C,1,10,1.1
2010,PHKG2_HUMAN_D0,S261C,1,10,1.1
2011,PHKG2_HUMAN_D0,Q273R,1,10,1.1
2012,PHKG2_HUMAN_D0,L286P,1,10,1.1
2013,PMYT1_HUMAN_D0,R128H,2,285,34.3
2014,PMYT1_HUMAN_D0,A152S,2,285,34.3
2015,PMYT1_HUMAN_D0,M338V,2,285,34.3
2016,PMYT1_HUMAN_D0,G119D,1,285,34.3
2017,PMYT1_HUMAN_D0,A137V,1,285,34.3
2018,PMYT1_HUMAN_D0,P144L,1,285,34.3
2019,PMYT1_HUMAN_D0,K149Q,1,285,34.3
2020,PMYT1_HUMAN_D0,A156V,1,285,34.3
2021,PMYT1_HUMAN_D0,C190R,1,285,34.3
2022,PMYT1_HUMAN_D0,R246C,1,285,34.3
2023,PMYT1_HUMAN_D0,T260K,1,285,34.3
2024,PMYT1_HUMAN_D0,P276L,1,285,34.3
2025,PMYT1_HUMAN_D0,A287E,1,285,34.3
2026,PMYT1_HUMAN_D0,V289M,1,285,34.3
2027,PMYT1_HUMAN_D0,R333H,1,285,34.3
2028,PMYT1_HUMAN_D0,D343N,1,285,34.3
2029,SLK_HUMAN_D0,I151V,3,12,1.5
2030,SLK_HUMAN_D0,E35D,2,12,1.5
2031,SLK_HUMAN_D0,K63E,2,12,1.5
2032,SLK_HUMAN_D0,D75Y,2,12,1.5
2033,SLK_HUMAN_D0,C86S,2,12,1.5
2034,SLK_HUMAN_D0,L143F,2,12,1.5
2035,SLK_HUMAN_D0,K157N,2,12,1.5
2036,SLK_HUMAN_D0,Y212C,2,12,1.5
2037,SLK_HUMAN_D0,G222C,2,12,1.5
2038,SLK_HUMAN_D0,G41D,1,12,1.5
2039,SLK_HUMAN_D0,E74K,1,12,1.5
2040,SLK_HUMAN_D0,I82M,1,12,1.5
2041,SLK_HUMAN_D0,H88R,1,12,1.5
2042,SLK_HUMAN_D0,P89S,1,12,1.5
2043,SLK_HUMAN_D0,I106F,1,12,1.5
2044,SLK_HUMAN_D0,D168V,1,12,1.5
2045,SLK_HUMAN_D0,V202F,1,12,1.5
2046,SLK_HUMAN_D0,D217N,1,12,1.5
2047,SLK_HUMAN_D0,E230K,1,12,1.5
2048,SLK_HUMAN_D0,I231M,1,12,1.5
2049,SLK_HUMAN_D0,K275N,1,12,1.5
2050,SLK_HUMAN_D0,P290S,1,12,1.5
2051,SRC_HUMAN_D0,D407H,5,165,19.8
2052,SRC_HUMAN_D0,G347E,3,165,19.8
2053,SRC_HUMAN_D0,Q278E,2,165,19.8
2054,SRC_HUMAN_D0,T293A,2,165,19.8
2055,SRC_HUMAN_D0,V340I,2,165,19.8
2056,SRC_HUMAN_D0,V380M,2,165,19.8
2057,SRC_HUMAN_D0,R391C,2,165,19.8
2058,SRC_HUMAN_D0,L454V,2,165,19.8
2059,SRC_HUMAN_D0,E507D,2,165,19.8
2060,SRC_HUMAN_D0,G291C,1,165,19.8
2061,SRC_HUMAN_D0,K298E,1,165,19.8
2062,SRC_HUMAN_D0,G303D,1,165,19.8
2063,SRC_HUMAN_D0,P307R,1,165,19.8
2064,SRC_HUMAN_D0,P307S,1,165,19.8
2065,SRC_HUMAN_D0,A309V,1,165,19.8
2066,SRC_HUMAN_D0,Q312H,1,165,19.8
2067,SRC_HUMAN_D0,L320P,1,165,19.8
2068,SRC_HUMAN_D0,E323D,1,165,19.8
2069,SRC_HUMAN_D0,E342K,1,165,19.8
2070,SRC_HUMAN_D0,S345C,1,165,19.8
2071,SRC_HUMAN_D0,D351N,1,165,19.8
2072,SRC_HUMAN_D0,L353V,1,165,19.8
2073,SRC_HUMAN_D0,L361M,1,165,19.8
2074,SRC_HUMAN_D0,R362Q,1,165,19.8
2075,SRC_HUMAN_D0,R362W,1,165,19.8
2076,SRC_HUMAN_D0,D368N,1,165,19.8
2077,SRC_HUMAN_D0,R388G,1,165,19.8
2078,SRC_HUMAN_D0,D389E,1,165,19.8
2079,SRC_HUMAN_D0,V397M,1,165,19.8
2080,SRC_HUMAN_D0,V402L,1,165,19.8
2081,SRC_HUMAN_D0,A421V,1,165,19.8
2082,SRC_HUMAN_D0,P428S,1,165,19.8
2083,SRC_HUMAN_D0,T456S,1,165,19.8
2084,SRC_HUMAN_D0,R463W,1,165,19.8
2085,SRC_HUMAN_D0,R463Q,1,165,19.8
2086,SRC_HUMAN_D0,R463L,1,165,19.8
2087,SRC_HUMAN_D0,D476N,1,165,19.8
2088,SRC_HUMAN_D0,R483W,1,165,19.8
2089,SRC_HUMAN_D0,P487L,1,165,19.8
2090,SRC_HUMAN_D0,P491S,1,165,19.8
2091,SRC_HUMAN_D0,S493F,1,165,19.8
2092,SRC_HUMAN_D0,C501R,1,165,19.8
2093,SRC_HUMAN_D0,R503Q,1,165,19.8
2094,SRC_HUMAN_D0,P506S,1,165,19.8
2095,SRC_HUMAN_D0,E508K,1,165,19.8
2096,SRC_HUMAN_D0,R509W,1,165,19.8
2097,SRC_HUMAN_D0,R509Q,1,165,19.8
2098,SRC_HUMAN_D0,D521N,1,165,19.8
2099,STK10_HUMAN_D0,G194C,5,28,3.4
2100,STK10_HUMAN_D0,E68K,2,28,3.4
2101,STK10_HUMAN_D0,E72K,2,28,3.4
2102,STK10_HUMAN_D0,L85P,2,28,3.4
2103,STK10_HUMAN_D0,D103N,2,28,3.4
2104,STK10_HUMAN_D0,R156Q,2,28,3.4
2105,STK10_HUMAN_D0,Q187R,2,28,3.4
2106,STK10_HUMAN_D0,R244W,2,28,3.4
2107,STK10_HUMAN_D0,K248N,2,28,3.4
2108,STK10_HUMAN_D0,P254L,2,28,3.4
2109,STK10_HUMAN_D0,T256I,2,28,3.4
2110,STK10_HUMAN_D0,E37D,1,28,3.4
2111,STK10_HUMAN_D0,L42P,1,28,3.4
2112,STK10_HUMAN_D0,K54N,1,28,3.4
2113,STK10_HUMAN_D0,T58M,1,28,3.4
2114,STK10_HUMAN_D0,A63V,1,28,3.4
2115,STK10_HUMAN_D0,E68D,1,28,3.4
2116,STK10_HUMAN_D0,I93N,1,28,3.4
2117,STK10_HUMAN_D0,Y101N,1,28,3.4
2118,STK10_HUMAN_D0,L106Q,1,28,3.4
2119,STK10_HUMAN_D0,V118M,1,28,3.4
2120,STK10_HUMAN_D0,A120T,1,28,3.4
2121,STK10_HUMAN_D0,A120V,1,28,3.4
2122,STK10_HUMAN_D0,L129I,1,28,3.4
2123,STK10_HUMAN_D0,P132A,1,28,3.4
2124,STK10_HUMAN_D0,G169E,1,28,3.4
2125,STK10_HUMAN_D0,M205I,1,28,3.4
2126,STK10_HUMAN_D0,S222F,1,28,3.4
2127,STK10_HUMAN_D0,I228M,1,28,3.4
2128,STK10_HUMAN_D0,E229Q,1,28,3.4
2129,STK10_HUMAN_D0,Q232P,1,28,3.4
2130,STK10_HUMAN_D0,A250T,1,28,3.4
2131,STK10_HUMAN_D0,P254H,1,28,3.4
2132,STK10_HUMAN_D0,K272N,1,28,3.4
2133,STK10_HUMAN_D0,A286T,1,28,3.4
2134,STK24_HUMAN_D0,A134T,7,6,0.7
2135,STK24_HUMAN_D0,D145N,3,6,0.7
2136,STK24_HUMAN_D0,E233K,3,6,0.7
2137,STK24_HUMAN_D0,K41E,2,6,0.7
2138,STK24_HUMAN_D0,R57Q,2,6,0.7
2139,STK24_HUMAN_D0,P92S,2,6,0.7
2140,STK24_HUMAN_D0,A119T,2,6,0.7
2141,STK24_HUMAN_D0,I136M,2,6,0.7
2142,STK24_HUMAN_D0,E139K,2,6,0.7
2143,STK24_HUMAN_D0,A160T,2,6,0.7
2144,STK24_HUMAN_D0,G168D,2,6,0.7
2145,STK24_HUMAN_D0,T182K,2,6,0.7
2146,STK24_HUMAN_D0,T190A,2,6,0.7
2147,STK24_HUMAN_D0,P200S,2,6,0.7
2148,STK24_HUMAN_D0,E201K,2,6,0.7
2149,STK24_HUMAN_D0,L259I,2,6,0.7
2150,STK24_HUMAN_D0,E261K,2,6,0.7
2151,STK24_HUMAN_D0,S46F,1,6,0.7
2152,STK24_HUMAN_D0,E75D,1,6,0.7
2153,STK24_HUMAN_D0,C89Y,1,6,0.7
2154,STK24_HUMAN_D0,Y98H,1,6,0.7
2155,STK24_HUMAN_D0,D104N,1,6,0.7
2156,STK24_HUMAN_D0,G126V,1,6,0.7
2157,STK24_HUMAN_D0,D156E,1,6,0.7
2158,STK24_HUMAN_D0,S165P,1,6,0.7
2159,STK24_HUMAN_D0,A178S,1,6,0.7
2160,STK24_HUMAN_D0,P195S,1,6,0.7
2161,STK24_HUMAN_D0,Q205H,1,6,0.7
2162,STK24_HUMAN_D0,S206L,1,6,0.7
2163,STK24_HUMAN_D0,I243F,1,6,0.7
2164,STK24_HUMAN_D0,P244Q,1,6,0.7
2165,STK24_HUMAN_D0,P248S,1,6,0.7
2166,STK24_HUMAN_D0,P249S,1,6,0.7
2167,STK3_HUMAN_D0,R178H,4,257,30.9
2168,STK3_HUMAN_D0,E31D,3,257,30.9
2169,STK3_HUMAN_D0,A54T,3,257,30.9
2170,STK3_HUMAN_D0,E70D,2,257,30.9
2171,STK3_HUMAN_D0,D78G,2,257,30.9
2172,STK3_HUMAN_D0,S79I,2,257,30.9
2173,STK3_HUMAN_D0,Y101H,2,257,30.9
2174,STK3_HUMAN_D0,S106F,2,257,30.9
2175,STK3_HUMAN_D0,G150V,2,257,30.9
2176,STK3_HUMAN_D0,P226A,2,257,30.9
2177,STK3_HUMAN_D0,Q274H,2,257,30.9
2178,STK3_HUMAN_D0,L33F,1,257,30.9
2179,STK3_HUMAN_D0,G50S,1,257,30.9
2180,STK3_HUMAN_D0,C77R,1,257,30.9
2181,STK3_HUMAN_D0,A104T,1,257,30.9
2182,STK3_HUMAN_D0,G105A,1,257,30.9
2183,STK3_HUMAN_D0,L131S,1,257,30.9
2184,STK3_HUMAN_D0,N151S,1,257,30.9
2185,STK3_HUMAN_D0,L153F,1,257,30.9
2186,STK3_HUMAN_D0,E157D,1,257,30.9
2187,STK3_HUMAN_D0,N179S,1,257,30.9
2188,STK3_HUMAN_D0,V181L,1,257,30.9
2189,STK3_HUMAN_D0,Y198C,1,257,30.9
2190,STK3_HUMAN_D0,D203N,1,257,30.9
2191,STK3_HUMAN_D0,S211F,1,257,30.9
2192,STK3_HUMAN_D0,E213Q,1,257,30.9
2193,STK3_HUMAN_D0,K256R,1,257,30.9
2194,STK3_HUMAN_D0,R266I,1,257,30.9
2195,STK3_HUMAN_D0,Q274R,1,257,30.9
2196,VGFR1_HUMAN_D0,E1011K,3,4,0.4
2197,VGFR1_HUMAN_D0,D1052N,3,4,0.4
2198,VGFR1_HUMAN_D0,R1112C,3,4,0.4
2199,VGFR1_HUMAN_D0,A874T,2,4,0.4
2200,VGFR1_HUMAN_D0,G886D,2,4,0.4
2201,VGFR1_HUMAN_D0,F928V,2,4,0.4
2202,VGFR1_HUMAN_D0,L957I,2,4,0.4
2203,VGFR1_HUMAN_D0,D958G,2,4,0.4
2204,VGFR1_HUMAN_D0,E964K,2,4,0.4
2205,VGFR1_HUMAN_D0,E973K,2,4,0.4
2206,VGFR1_HUMAN_D0,S976N,2,4,0.4
2207,VGFR1_HUMAN_D0,V980A,2,4,0.4
2208,VGFR1_HUMAN_D0,A1007T,2,4,0.4
2209,VGFR1_HUMAN_D0,S1014P,2,4,0.4
2210,VGFR1_HUMAN_D0,C1018Y,2,4,0.4
2211,VGFR1_HUMAN_D0,R1055K,2,4,0.4
2212,VGFR1_HUMAN_D0,I1071F,2,4,0.4
2213,VGFR1_HUMAN_D0,S1080R,2,4,0.4
2214,VGFR1_HUMAN_D0,D1106N,2,4,0.4
2215,VGFR1_HUMAN_D0,R1146I,2,4,0.4
2216,VGFR1_HUMAN_D0,R835K,1,4,0.4
2217,VGFR1_HUMAN_D0,R835T,1,4,0.4
2218,VGFR1_HUMAN_D0,G836R,1,4,0.4
2219,VGFR1_HUMAN_D0,G839E,1,4,0.4
2220,VGFR1_HUMAN_D0,F847V,1,4,0.4
2221,VGFR1_HUMAN_D0,K850M,1,4,0.4
2222,VGFR1_HUMAN_D0,R856W,1,4,0.4
2223,VGFR1_HUMAN_D0,A859D,1,4,0.4
2224,VGFR1_HUMAN_D0,A867T,1,4,0.4
2225,VGFR1_HUMAN_D0,M876I,1,4,0.4
2226,VGFR1_HUMAN_D0,T883S,1,4,0.4
2227,VGFR1_HUMAN_D0,H884N,1,4,0.4
2228,VGFR1_HUMAN_D0,I885F,1,4,0.4
2229,VGFR1_HUMAN_D0,H887L,1,4,0.4
2230,VGFR1_HUMAN_D0,V891M,1,4,0.4
2231,VGFR1_HUMAN_D0,G903E,1,4,0.4
2232,VGFR1_HUMAN_D0,L905V,1,4,0.4
2233,VGFR1_HUMAN_D0,I908S,1,4,0.4
2234,VGFR1_HUMAN_D0,G915E,1,4,0.4
2235,VGFR1_HUMAN_D0,N919S,1,4,0.4
2236,VGFR1_HUMAN_D0,L930F,1,4,0.4
2237,VGFR1_HUMAN_D0,D933N,1,4,0.4
2238,VGFR1_HUMAN_D0,E939K,1,4,0.4
2239,VGFR1_HUMAN_D0,E939D,1,4,0.4
2240,VGFR1_HUMAN_D0,K941E,1,4,0.4
2241,VGFR1_HUMAN_D0,S959N,1,4,0.4
2242,VGFR1_HUMAN_D0,V960I,1,4,0.4
2243,VGFR1_HUMAN_D0,A967V,1,4,0.4
2244,VGFR1_HUMAN_D0,G970D,1,4,0.4
2245,VGFR1_HUMAN_D0,E984K,1,4,0.4
2246,VGFR1_HUMAN_D0,D987E,1,4,0.4
2247,VGFR1_HUMAN_D0,G988C,1,4,0.4
2248,VGFR1_HUMAN_D0,E992K,1,4,0.4
2249,VGFR1_HUMAN_D0,M996T,1,4,0.4
2250,VGFR1_HUMAN_D0,S1001P,1,4,0.4
2251,VGFR1_HUMAN_D0,H1020Y,1,4,0.4
2252,VGFR1_HUMAN_D0,R1021Q,1,4,0.4
2253,VGFR1_HUMAN_D0,A1025E,1,4,0.4
2254,VGFR1_HUMAN_D0,L1029F,1,4,0.4
2255,VGFR1_HUMAN_D0,E1032D,1,4,0.4
2256,VGFR1_HUMAN_D0,V1035E,1,4,0.4
2257,VGFR1_HUMAN_D0,C1039S,1,4,0.4
2258,VGFR1_HUMAN_D0,D1040N,1,4,0.4
2259,VGFR1_HUMAN_D0,R1045Q,1,4,0.4
2260,VGFR1_HUMAN_D0,D1046Y,1,4,0.4
2261,VGFR1_HUMAN_D0,N1050S,1,4,0.4
2262,VGFR1_HUMAN_D0,L1061V,1,4,0.4
2263,VGFR1_HUMAN_D0,L1063V,1,4,0.4
2264,VGFR1_HUMAN_D0,W1083L,1,4,0.4
2265,VGFR1_HUMAN_D0,G1086E,1,4,0.4
2266,VGFR1_HUMAN_D0,V1087A,1,4,0.4
2267,VGFR1_HUMAN_D0,W1090G,1,4,0.4
2268,VGFR1_HUMAN_D0,E1091D,1,4,0.4
2269,VGFR1_HUMAN_D0,E1091K,1,4,0.4
2270,VGFR1_HUMAN_D0,V1103L,1,4,0.4
2271,VGFR1_HUMAN_D0,R1112H,1,4,0.4
2272,VGFR1_HUMAN_D0,R1114S,1,4,0.4
2273,VGFR1_HUMAN_D0,G1116A,1,4,0.4
2274,VGFR1_HUMAN_D0,A1121D,1,4,0.4
2275,VGFR1_HUMAN_D0,P1122S,1,4,0.4
2276,VGFR1_HUMAN_D0,S1125F,1,4,0.4
2277,VGFR1_HUMAN_D0,S1125C,1,4,0.4
2278,VGFR1_HUMAN_D0,T1126P,1,4,0.4
2279,VGFR1_HUMAN_D0,P1127T,1,4,0.4
2280,VGFR1_HUMAN_D0,I1129M,1,4,0.4
2281,VGFR1_HUMAN_D0,Y1130N,1,4,0.4
2282,VGFR1_HUMAN_D0,H1138N,1,4,0.4
2283,VGFR1_HUMAN_D0,R1139T,1,4,0.4
2284,VGFR1_HUMAN_D0,P1141T,1,4,0.4
2285,VGFR1_HUMAN_D0,R1146T,1,4,0.4
2286,VGFR1_HUMAN_D0,L1150R,1,4,0.4
2287,VGFR1_HUMAN_D0,E1152K,1,4,0.4
2288,VGFR1_HUMAN_D0,L1154V,1,4,0.4
2289,VGFR1_HUMAN_D0,D1156A,1,4,0.4
2290,VRK1_HUMAN_D0,R219I,4,467,56.1
2291,VRK1_HUMAN_D0,D222N,3,467,56.1
2292,VRK1_HUMAN_D0,Q88L,2,467,56.1
2293,VRK1_HUMAN_D0,D120N,2,467,56.1
2294,VRK1_HUMAN_D0,R133H,2,467,56.1
2295,VRK1_HUMAN_D0,Y198C,2,467,56.1
2296,VRK1_HUMAN_D0,R203W,2,467,56.1
2297,VRK1_HUMAN_D0,R203Q,2,467,56.1
2298,VRK1_HUMAN_D0,C205Y,2,467,56.1
2299,VRK1_HUMAN_D0,G208V,2,467,56.1
2300,VRK1_HUMAN_D0,G223D,2,467,56.1
2301,VRK1_HUMAN_D0,K269R,2,467,56.1
2302,VRK1_HUMAN_D0,D273Y,2,467,56.1
2303,VRK1_HUMAN_D0,M303T,2,467,56.1
2304,VRK1_HUMAN_D0,E313K,2,467,56.1
2305,VRK1_HUMAN_D0,K38N,1,467,56.1
2306,VRK1_HUMAN_D0,Q97H,1,467,56.1
2307,VRK1_HUMAN_D0,R103C,1,467,56.1
2308,VRK1_HUMAN_D0,G123R,1,467,56.1
2309,VRK1_HUMAN_D0,I141M,1,467,56.1
2310,VRK1_HUMAN_D0,R151W,1,467,56.1
2311,VRK1_HUMAN_D0,D163V,1,467,56.1
2312,VRK1_HUMAN_D0,L195M,1,467,56.1
2313,VRK1_HUMAN_D0,D197A,1,467,56.1
2314,VRK1_HUMAN_D0,K211T,1,467,56.1
2315,VRK1_HUMAN_D0,E215K,1,467,56.1
2316,VRK1_HUMAN_D0,K218R,1,467,56.1
2317,VRK1_HUMAN_D0,N234S,1,467,56.1
2318,VRK2_HUMAN_D0,N211S,3,9,1.1
2319,VRK2_HUMAN_D0,N67K,2,9,1.1
2320,VRK2_HUMAN_D0,E73Q,2,9,1.1
2321,VRK2_HUMAN_D0,R92H,2,9,1.1
2322,VRK2_HUMAN_D0,K93E,2,9,1.1
2323,VRK2_HUMAN_D0,P101A,2,9,1.1
2324,VRK2_HUMAN_D0,I167V,2,9,1.1
2325,VRK2_HUMAN_D0,D186H,2,9,1.1
2326,VRK2_HUMAN_D0,S218I,2,9,1.1
2327,VRK2_HUMAN_D0,S218R,2,9,1.1
2328,VRK2_HUMAN_D0,K223N,2,9,1.1
2329,VRK2_HUMAN_D0,R230Q,2,9,1.1
2330,VRK2_HUMAN_D0,E234K,2,9,1.1
2331,VRK2_HUMAN_D0,P249H,2,9,1.1
2332,VRK2_HUMAN_D0,W278C,2,9,1.1
2333,VRK2_HUMAN_D0,G38R,1,9,1.1
2334,VRK2_HUMAN_D0,P69L,1,9,1.1
2335,VRK2_HUMAN_D0,E91K,1,9,1.1
2336,VRK2_HUMAN_D0,R92L,1,9,1.1
2337,VRK2_HUMAN_D0,G113E,1,9,1.1
2338,VRK2_HUMAN_D0,V120G,1,9,1.1
2339,VRK2_HUMAN_D0,I167M,1,9,1.1
2340,VRK2_HUMAN_D0,E204K,1,9,1.1
2341,VRK2_HUMAN_D0,H210L,1,9,1.1
2342,VRK2_HUMAN_D0,M240I,1,9,1.1
2343,VRK2_HUMAN_D0,P249S,1,9,1.1
2344,VRK2_HUMAN_D0,P257L,1,9,1.1
2345,VRK2_HUMAN_D0,H316N,1,9,1.1
2346,VRK3_HUMAN_D0,A206V,2,506,60.7
2347,VRK3_HUMAN_D0,R210C,2,506,60.7
2348,VRK3_HUMAN_D0,A240V,2,506,60.7
2349,VRK3_HUMAN_D0,A269S,2,506,60.7
2350,VRK3_HUMAN_D0,P274S,2,506,60.7
2351,VRK3_HUMAN_D0,F296L,2,506,60.7
2352,VRK3_HUMAN_D0,R332C,2,506,60.7
2353,VRK3_HUMAN_D0,I400T,2,506,60.7
2354,VRK3_HUMAN_D0,Q405H,2,506,60.7
2355,VRK3_HUMAN_D0,T439A,2,506,60.7
2356,VRK3_HUMAN_D0,T439M,2,506,60.7
2357,VRK3_HUMAN_D0,A222T,1,506,60.7
2358,VRK3_HUMAN_D0,A240T,1,506,60.7
2359,VRK3_HUMAN_D0,H250Y,1,506,60.7
2360,VRK3_HUMAN_D0,E301D,1,506,60.7
2361,VRK3_HUMAN_D0,A309G,1,506,60.7
2362,VRK3_HUMAN_D0,A330P,1,506,60.7
2363,VRK3_HUMAN_D0,Y333C,1,506,60.7
2364,VRK3_HUMAN_D0,V340M,1,506,60.7
2365,VRK3_HUMAN_D0,A341S,1,506,60.7
2366,VRK3_HUMAN_D0,Y342H,1,506,60.7
2367,VRK3_HUMAN_D0,R347G,1,506,60.7
2368,VRK3_HUMAN_D0,P349S,1,506,60.7
2369,VRK3_HUMAN_D0,S368F,1,506,60.7
2370,VRK3_HUMAN_D0,R370H,1,506,60.7
2371,VRK3_HUMAN_D0,L373H,1,506,60.7
2372,VRK3_HUMAN_D0,Q403H,1,506,60.7
2373,VRK3_HUMAN_D0,P411L,1,506,60.7
